а=б;a=b;этот;PronAdj;;
абагун;abagun;плечо;N;;gen ɬ, pl dari || abi, genpl abagundaraɬ || abaginēɬ
абагьа;abaha;опухать;V;verbIIa;
аце=б;ace=b;этот;PronAdj;;
б=ацӀа;b=ac’a;достигать;V;verbIIa;
б=ацӀа;b=ac’a;доходить;V;verbIIa;
б=ацӀе̄;b=ac’ē;отводить;V;verbIII;
б=ачакӀу=б;b=ačak’u=b;короткий;Adj;;
б=ачакӀу=б;b=ačak’u=b;низкий;Adj;;
б=ачӀа;b=ač’a;выбирать;V;verbIIa;
б=ачва;b=ačʷa;расстилаться;V;verbIIb;
б=ачва;b=ačʷa;растягиваться;V;verbIIb;
б=ачва;b=ačʷa;разгибаться;V;verbIIb;
б=ачве̄;b=ačʷē;стелить;V;verbIII;
б=ачве̄;b=ačʷē;расстилать;V;verbIII;
агь;ah;виноград;N sg.t.;;
б=агьа;b=aha;гнуться;V;verbIIa;
агьан;ahan;событие;N;;gen ɬ, pl dari || di, genpl daraɬ
агьан;ahan;дело;N;;gen ɬ, pl dari || di, genpl daraɬ
агьан;ahan;случай;N;;gen ɬ, pl dari || di, genpl daraɬ
в=агьару=в;w=aharu=w;старый;Adj;;
б=агье̄;b=ahē;гнуть;V;verbIII;
агьи;ahi;здесь;PronAdv;;
агьи;ahi;сюда;PronAdv;;
агьикь;ahiʟ’;сад;N;;gen iɬ pl ali, genpl alaɬ
агьикь;ahiʟ’;ряд насаждений;N;;gen iɬ pl ali, genpl alaɬ
агьикь;ahiʟ’;урух;N;;gen iɬ pl ali, genpl alaɬ
агьим;ahim;бревно толстое;N;;gen ahimɬ || ahamɬ, pl dari, genpl daraɬ
агьло;ahlo;собир. люди;N sg.t.;;
ахӀихӀур;aʜiʜur;шум;N sg.t.;;
ахӀихӀур;aʜiʜur;гам;N sg.t.;;
б=агӀа=б;b=aʕa=b;острый;Adj;;
б=агӀе̄;b=aʕē;возить;V;verbIII;
б=агӀе̄;b=aʕē;точить;V;verbIII;
акве̄;akʷē;жать;V;verbIII;
акве̄;akʷē;сжимать;V;verbIII;
б=ала;b=ala;надевать одежду выше пояса;V;verbIIa;
алахъ;alaq;поле;N;;gen iɬ, pl abi, genpl abaɬ
аллагь;allah;бог,;N sg.t.;;
б=алли;b=alli;звать;V;verbIV;
б=алли;b=alli;вызывать;V;verbIV;
б=алъиᵸ;b=aɬĩ;оказываться похожим;V;verbIb;
анчва;ančʷa;камень;N;;gen ančuɬ, pl ančubi, genpl ančubaɬ
анги;angi;здесь;PronAdv;;
ангири;angiri;здесь;PronAdv;;
ангури;anguri;здесь;PronAdv;;
анлъ;anɬ;баран;N;;"gen aɬ, pl a, genpl ēɬ; Ш besala anɬ N тур"
анлъа;anɬa;рана;N;;gen anɬiɬ, pl anɬibi, genpl anɬibaɬ
анс;ans;лекарь;N;;gen šːu=b, pl abi, genpl abalu=b
анса=б;ansa=b;теплый;Adj;;
ансали;ansali;греться;V;verbIV;
ансе̄;ansē;греть;V;verbIII;
ансе̄;ansē;жарить;V;verbIII;
анш;anš;сперва;Adv;;
аншила;anšila;в следующий раз;Adv;;
аншис;anšis;один раз;Adv;;
аншис;anšis;однажды;Adv;;
анщв;anšːʷ;тень;N;;gen anšːuɬ, pl abi, genpl abaɬ
анта;anta;сметана;N sg.t.;;
anz(u)hac’a=b+?;anz(u)hac’a=b;снежно;Adj;;
анзикъу=б;anziq’u=b;малоснежный;Adj;;
анзв;anzʷ;снег;N sg.t.;;
анжит;anžit;топор;N;;gen uɬ, pl abi, genpl abaɬ
анжв;anžʷ;шрам;N;;gen anžuɬ, pl anžʷabi || anžibi, genpl abaɬ
анжв;anžʷ;метка на ухе овцы;N;;gen anžuɬ, pl anžʷabi || anžibi, genpl abaɬ
ахъи;aqi;молоть;V;verbIb;
ахъи;aqi;чистить кожицу;V;verbIb;
ахъилъ;aqiɬ;ягодица;N;;gen uɬ, pl abi, genpl abaɬ || ēɬ
б=акъаще̄;b=aq’ašːē;прятать;V;verbIII;
б=акъащи;b=aq’ašːi;прятаться;V;verbIb;
б=акъи;b=aq’i;рубить;V;verbIb;
б=акъи;b=aq’i;разрезать;V;verbIb;
ахъв;aqʷ;очаг;N;;gen aquɬ, pl abi, genpl abaɬ
б=ахъваᵸ;b=aqʷã;копать;V;verbIIb;
б=ахъваᵸ;b=aqʷã;выкапывать;V;verbIIb;
арам;aram;человек;N;;gen uɬ, pl di, genpl dilu=b
арам;aram;люди;N;;gen uɬ, pl di, genpl dilu=b
ари;ari;сюда;PronAdv;;
б=агъи;b=aʁi;противиться;V;verbIV;
б=агъи;b=aʁi;уклоняться;V;verbIV;
б=агъи;b=aʁi;отказываться делать что;V;verbIV;
ас;as;серебро;N sg.t.;;
ас;as;деньги;N sg.t.;;
аса;asa;иней;N sg.t.;;
б=асаᵸ;b=asã;примерять;V;verbIIa;
б=асаᵸ;b=asã;мерить;V;verbIIa;
б=асаᵸ;b=asã;рассказывать;V;verbIIa;
б=асӀара=б;b=as’ara=b;чистый;Adj;;
б=асӀара=б;b=as’ara=b;аккуратный;Adj;;
б=асӀаре̄;b=as’arē;тереть;V;verbIII;
б=асӀаре̄;b=as’arē;очищать;V;verbIII;
б=асӀиᵸ;b=as’ĩ;спрашивать;V;verbIb;
аш;aš;привязь кожаная;N;;gen aššiɬ, pl aššabi, genpl aššabaɬ
б=ашшада=б;b=aššada=b;равный;Adj;;
б=ашшада=б;b=aššada=b;одинаковый;Adj;;
б=ашши=б=ашшада=б;b=ašši=b=aššada=b;равный;Adj;;
ашта;ašta;так;PronAdv;;
ашта;ašta;потому;PronAdv;;
ашти;ašti;слушать;V;verbIb;
ашту=б;aštu=b;такой;Adj;;
ашту=б;aštu=b;простой;Adj;;
ашто=б;ašto=b;такой;Adj;;
ашто=б;ašto=b;простой;Adj;;
аща;ašːa;начинать;V;verbIIa;
б=атире̄;b=atirē;добывать;V;verbIII;
б=атире̄;b=atirē;доставать;V;verbIII;
б=атире̄;b=atirē;изыскивать;V;verbIII;
атита;atita;качаться;V;verbIIa;
атита;atita;шевелиться;V;verbIIa;
атита;atita;трогаться в путь;V;verbIIa;
атите̄;atitē;качать;V;verbIII;
атите̄;atitē;шевелить;V;verbIII;
б=атӀада;b=at’ada;отдельно;Adv;;
б=атӀадас;b=at’adas;отдельный;Adj;;
б=атӀалли;b=at’alli;расходиться;V;verbIb;
б=атӀалли;b=at’alli;разделяться;V;verbIb;
б=атӀас;b=at’as;другой;Adj;;
б=атӀас;b=at’as;разный;Adj;;
б=атӀаслъах;b=at’asɬaχ;иным образом;Adv;;
б=атӀаслъах;b=at’asɬaχ;иначе;Adv;;
б=атӀи=б=атӀас;b=at’i=b=at’as;разный;Adj;;
атв;atʷ;низкое сиденье;N;;gen atuɬ, pl abi, genpl abaɬ
атв;atʷ;табурет;N;;gen atuɬ, pl abi, genpl abaɬ
авал;awal;дом;N;;gen ɬ || aɬ, pl abi, genpl abaɬ
аваракӀ;awarak’;пророк;N;;gen šːu=b, pl zabi, genpl zabalu=b
б=ахи;b=aχi;злиться;V;verbIb;
ахир;aχir;конец;N sg.t.;;
ахирала;aχirala;наконец;Adv;;
ахирала;aχirala;в конце;Adv;;
б=ахири;b=aχiri;подниматься;V;verbIV;
б=ахири;b=aχiri;взбираться;V;verbIV;
ахирийа=б;aχirija=b;последний;Adj;;
б=ахиха;b=aχiχa;теряться;V;verbIIa;
б=ахиха;b=aχiχa;терять самообладание;V;verbIIa;
б=ахиха;b=aχiχa;злиться;V;verbIIa;
ахран;aχran;сторож;N;;gen šːu=b, pl zabi, genpl zabalu=b
ахран;aχran;охрана;N;;gen šːu=b, pl zabi, genpl zabalu=b
б=ах̄а;b=aχːa;прочь;Adv;;
б=ах̄а;b=aχːa;наружу;Adv;;
б=ах̄а;b=aχːa;вне;Adv;;
б=ах̄а;b=aχːa;не дома;Adv;;
b=aχːa b=ešta+?;b=aχːa b=ešta;отпускать;V;;
b=aχːa b=ihi+?;b=aχːa b=ihi;отнимать;V;;
b=aχːa b=ihi+?;b=aχːa b=ihi;отбирать;V;;
b=aχːa b=it’ē+?;b=aχːa b=it’ē;выгонять;V;;
азарда;azar-da;тысяча;Num;;
азбар;azbar;дворец;N;;gen ɬ, pl abi, genpl abaɬ
азбар;azbar;двор;N;;gen ɬ, pl abi, genpl abaɬ
аздагьо;azdaho;дракон;N;;gen ɬ, pl bi, genpl baɬ
аздагьо;azdaho;крокодил;N;;gen ɬ, pl bi, genpl baɬ
б=аже̄ри;b=ažēri;мочь;V;verbIV;
б=аже̄ри;b=ažēri;оказываться способным;V;verbIV;
ãhã+?;ãhã;слышать;V;verbIIa;
ãhẽ+?;ãhẽ;показывать;V;verbIb;
б=а̄;b=ā;приходить;V;;
б=а̄;b=ā;приезжать;V;;
бацӀа;bac’a;волк;N;;gen bac’uɬ, pl bac’ibi || bac’a, genpl bac’ibaɬ || bac’ēɬ
багьа;baha;детеныш;N;;gen bahuɬ, pl bahibi, genpl bahibaɬ
багьана;bahana;причина;N;;gen ɬ, pl bi, genpl baɬ
baʜara=w/j+?;baʜara=w/j;жених;N;;genbaʜara=w=šːu=b / baʜara=j=ɬiɬ, pl baʜardi женихи, невесты || baʜarari новобрачные, жених с невестой, genpl baʜardaralu=b
бахӀриᵸ;baʜrĩ;сука;N;;gen ɬ, pl baʜrijabi, genpl baʜrijabaɬ
багӀа;baʕa;лицо;N;;gen baʕiɬ, pl baʕibi, genpl baʕibaɬ
багӀари;baʕari;блеять;V;verbIV;
багӀарт;baʕart;жеребец;N;;gen uɬ || iɬ, pl abi, genpl abaɬ
багӀрат;baʕrat;колесо;N;;gen iɬ, pl abi, genpl abaɬ
bajbihi ǯē+?;bajbihi ǯē;начинать;V;;
байрахъ;bajraq;знамя;N;;gen iɬ, pl abi, genpl abaɬ
байрахъула=в;bajraqula=w;знаменосец;N;;"gen bajraqulašːu=b, pl bajraquladi, genpl bajraquladilu=b; Ь ⊂ bajraq"
бакӀал;bak’al;живот;N;;gen ɬ, pl di || abi, genpl abaɬ
бакь;baʟ’;кишка;N;;"gen iɬ, pl a, genpl ēɬ; Ш batiɬ baʟ’ N пояс веревочный; mič’aɬ baʟ’ N коса женская"
бакьани;baʟ’ani;в центр;Adv;;
бакьани;baʟ’ani;в середину;Adv;;
бакьах;baʟ’aχ;посередине;Adv;;
бакьи;baʟ’i;посередине;Adv;;
бала;bala;край;N;;gen balɬ || baliɬ, pl balibi, genpl balibaɬ
балалъа;balaɬa;краю;Adv c;;
балалъа;balaɬa;сбоку;Adv c;;
балалъас;balaɬas;крайний;Adj;;
балилъи;baliɬi;на краю;Adv;;
балугъа=б;baluʁa=b;совершеннолетний;Adj;;
балугъа=б;baluʁa=b;взрослый;Adj;;
балугъа=б;baluʁa=b;зрелый;Adj;;
балъко;baɬko;тайно;Adv;;
балъко;baɬko;тайком;Adv;;
балъкойа=б;baɬkoja=b;тайный;Adj;;
балъкӀолир;baɬk’olir;тайна;N;;"gen ɬiɬ, pl dari, genpl daraɬ; Ь ⊂ baɬko"
бакъада;baq’ada;раньше;Adv;;
бакъада;baq’ada;рано;Adv;;
бакъада;baq’ada;давно;Adv;;
баркалла;barkalla;спасибо;N;;gen barkalliɬ, pl bi, genpl baɬ
baRA+?;baRA;тлеть;V;verbIIa;
басӀура;bas’ura;выделения из глаз;N sg.t.;;
бусӀура;bus’ura;выделения из глаз;N sg.t.;;
бата;bata;брюки;N;;gen batiɬ, pl batibi, genpl batibaɬ
batiɬ baʟ’+?;batiɬ baʟ’;пояс веревочный;N;;"gen iɬ, pl a, genpl ēɬ; Ь ≡ генитив от bata ’брюки’ + baʟ’ ’кишка’"
bat’a ǯē+?;bat’a ǯē;отделять;V;;
базар;bazar;базар;N sg.t.;;
бажари;bažari;способность;N sg.t.;;
беча;beča;змея;N;;gen bečuɬ, pl bečabi || bečibi || bečē, genpl bečēɬ
бечера=б;bečera=b;богатый;Adj;;
beč’atub hinc’a+?;beč’atub hinc’a;уголь;N;;
бечӀин;beč’in;ячмень;N sg.t.;;
бечӀура=б;beč’ura=b;бесплодный;Adj;;
бечӀура=б;beč’ura=b;бесполезный;Adj;;
бечӀва;beč’ʷa;скот крупный рогатый;N;;gen beč’ʷēɬ, pl bi скот нескольких селений, genpl baɬ
бегьире̄;behirē;разрешать;V;verbIII;
бегьири;behiri;быть разрешенным;V;verbV;
бегьери;beheri;быть разрешенным;V;verbV;
бегьри;behri;быть разрешенным;V;verbV;
бегьун;behun;ложка металлическая;N;;gen behʷanɬ, pl behomi || behʷami, genpl behʷamaɬ
бегӀда;beʕda;жердь;N;;gen ɬ, pl bi, genpl baɬ
бегӀера;beʕera;кал жидкий;N sg.t.;;
бегӀера;beʕera;понос;N sg.t.;;
бегӀила;beʕila;хорошо;Adv;;
бекӀун;bek’un;вилка;N;;gen ɬ, pl abi, genpl abaɬ
бекь;beʟ’;хлев;N;;gen aɬ, pl abi || ali, genpl abaɬ || alaɬ
бекь;beʟ’;сарай;N;;gen aɬ, pl abi || ali, genpl abaɬ || alaɬ
бекьарах;beʟ’araχ;близко;Adv;;
бекьу;beʟ’u;сычуг;N;;gen ɬ, pl beʟ’ʷabi, genpl beʟ’ʷabaɬ
бекьу;beʟ’u;закваска для сыра;N;;gen ɬ, pl beʟ’ʷabi, genpl beʟ’ʷabaɬ
бел;bel;лопата;N;;gen iɬ || ɬ || aɬ || uɬ, pl abi, genpl abaɬ
бела;bela;лощина;N;;gen ɬ, pl bi, genpl baɬ
бензин;benzin;бензин;N sg.t.;;
бехъ;beq;абрикос;N sg.t.;;
берба;berba;доска молотильная;N;;gen berbiɬ || berbaɬ, pl berbibi, genpl berbibaɬ
берцина=б;bercina=b;красивый;Adj;;
беркӀун;berk’un;спица вязальная;N;;gen berk’unaɬ || berk’ʷanɬ, pl berk’ʷami, genpl berk’ʷamaɬ
бертин;bertin;праздник;N;;gen bertanɬ || bertinɬ, pl bertandari || bertami, genpl bertandaraɬ
бертин;bertin;свадьба;N;;gen bertanɬ || bertinɬ, pl bertandari || bertami, genpl bertandaraɬ
бегъину=б;beʁinu=b;жирный;Adj;;
бегъо;beʁo;маленький дом;N;;gen beʁʷaɬ || beʁoɬ, pl beʁʷabi || beʁobi, genpl beʁʷabaɬ || beʁobaɬ
бегъо;beʁo;времянка вне деревни;N;;gen beʁʷaɬ || beʁoɬ, pl beʁʷabi || beʁobi, genpl beʁʷabaɬ || beʁobaɬ
бегъва;beʁʷa;маленький дом;N;;gen beʁʷaɬ || beʁoɬ, pl beʁʷabi || beʁobi, genpl beʁʷabaɬ || beʁobaɬ
бегъва;beʁʷa;времянка вне деревни;N;;gen beʁʷaɬ || beʁoɬ, pl beʁʷabi || beʁobi, genpl beʁʷabaɬ || beʁobaɬ
беса;besa;гора;N;;gen besaɬ || besijaɬ, pl bi, genpl baɬ
besala anɬ+?;besala anɬ;тур;N;;
бесун;besun;нож;N;;gen besunɬ || besʷanɬ, pl besʷami, genpl besʷamaɬ
бесӀур;bes’ur;овца;N sg.t.;;
бесу=б;besu=b;слепой;Adj;;
бесу=б;besu=b;темный;Adj;;
бешенда;bešenda;сто;Num;;
бехчӀел;beχč’el;забота;N;;gen aɬ, pl abi, genpl abaɬ
beχč’el ǯē+?;beχč’el ǯē;заботиться;V;;
бехун;beχun;постель;N;;gen beχʷanɬ, pl beχʷami, genpl beχʷamaɬ
бехон;beχon;постель;N;;gen beχʷanɬ, pl beχʷami, genpl beχʷamaɬ
бех̄ис;beχːis;седалище;N;;gen uɬ, pl abi, genpl abaɬ
бежун;bežun;игла;N;;gen bežunɬ || bežʷanɬ, pl bežʷami, genpl bežʷamaɬ
бибири;bibiri;кричать;V;verbIV;
бигьа̄;bihā;тихо;Adv;;
бигьа̄;bihā;медленно;Adv;;
бигьа̄;bihā;просто;Adv;;
билъалъи;biɬaɬi;под вечер;Adv;;
билъалъи;biɬaɬi;во время;Adv;;
бикьира;biʟ’ira;восемь;Num;;
биркӀоб;birk’ob;волчок;N;;gen ɬ, pl dari, genpl daraɬ
биркӀоб;birk’ob;юла;N;;gen ɬ, pl dari, genpl daraɬ
бигъвам;biʁʷam;нарыв;N sg.t.;;
бискина=б;biskina=b;бедный;Adj;;
бишшалъ;biššaɬ;баран;N;;gen uɬ, pl a, genpl ēɬ
бишшалъ;biššaɬ;овца;N;;gen uɬ, pl a, genpl ēɬ
бищди;bišːdi;вы;Pron;;
бижижу=б;bižižu=b;пятнистый;Adj;;
бокьара=б;boʟ’ara=b;любой;Adj;;
бокьиро̄=б;boʟ’irō=b;любой;Adj;;
болгьон;bolhon;кабан;N;;gen aɬ, pl i || abi, genpl шɬ || abaɬ
босӀ;bos’;луна;N;;gen uɬ, pl abi, genpl abaɬ
бо̄;bō;отряд вооруженный;N sg.t.;;
бугь;buh;сова;N;;gen uɬ, pl ubi || abi, genpl ubaɬ || ibaɬ
була;bula;копыто;N;;gen buliɬ, pl bulibi, genpl bulibaɬ
бугъа;buʁa;бык;N;;gen buʁēɬ || buʁaɬ, pl buʁēbi || buʁabi, genpl buʁēbaɬ
бусурман;busurman;мусульманский;Adj;;
бусурмана=б;busurmana=b;мусульманский;Adj;;
бушуна;bušuna;мучное изделие с начинкой;N;;gen ɬ, pl bušundari, genpl bušundaraɬ
бутуна;butuna;папаха;N;;"gen ɬ, pl butundari, genpl butundaraɬ; Ш roʟ'omɬ butuna N бурка"
бутӀа;but’a;влагалище;N;;gen but’iɬ || but’aɬ, pl but’ibi, genpl but’ibaɬ || but’ēɬ
бухаᵸ;buχã;как;Adv;;
бухаᵸ;buχã;словно;Adv;;
мухаᵸ;muχã;как;Adv;;
мухаᵸ;muχã;словно;Adv;;
бӯра;būra;четыре;Num;;
буъура;buʔura;четыре;Num;;
цедагъо=б;cedaʁo=b;единственный;Adj;;
це=б;ce=b;один;Num;;
це=б=це=б;ce=b=ce=b;разные;Adj;;
це=б=це=б;ce=b=ce=b;некоторые;Adj;;
цедахъера;cedaqera;в одиночестве;Adv;;
цехӀе=б;ceʜe=b;ни один;Adj;;
цехӀе=б;ceʜe=b;разный;Adj;;
целла;cella;другой;Adj;;
целлалъах;cellaɬaχ;по;Adv;;
цӀагье̄;c’ahē;обжигать;V;verbIII;
цӀагьи;c’ahi;гореть;V;verbIb;
цӀай;c’aj;огонь;N;;gen c’āɬ, pl c’ābi || c’ajbi, genpl c’ābaɬ ⮊ ∩ c’ahi
цӀакъ;c’aq’;очень;Adv;;
цӀакъ;c’aq’;чересчур;Adv;;
цӀа̄;c’ā;очень;Adv;;
цӀа̄;c’ā;чересчур;Adv;;
цӀарагӀа;c’araʕa;посуда;N sg.t.;;
цӀащищу=б;c’ašːišːu=b;огненно;Adj;;
цӀаххиᵸ;c’aχχĩ;искать;V;verbIb;
цӀажару=б;c’ažaru=b;огненно;Adj;;
цӀецӀ;c’ec’;опухоль;N;;gen iɬ, pl abi, genpl abaɬ
цӀехрех;c’eχreχ;следствие;N;;gen ɬ, pl abi, genpl abaɬ
цӀидасан;c’idasan;заново;Adv;;
цӀикула;c’ikula;обувь;N;;gen c’ikulēɬ, pl bi, genpl baɬ
цӀину=б;c’inu=b;новый;Adj;;
цӀиркъ;c’irq’;тигр;N;;gen iɬ, pl abi, genpl abaɬ
цӀиᵸ;c’ĩ;лук;N;;gen ɬ, pl bi, genpl baɬ
цӀул;c’ul;палка;N;;gen iɬ, pl abi, genpl abaɬ
цӀулакьа;c’ulaʟ’a;орех;N;;gen c’ulaʟ'aɬ || c’ulaʟ'eɬ, pl c’ulaʟ'abi || c’ulaʟ'a, genpl baɬ
цӀвани;c’ʷani;думать;V;verbIb;
цӀони;c’oni;думать;V;verbIb;
чабах̄;čabaχː;щебень;N sg.t.;;
чабхъад;čabqad;нападение;N sg.t.;;
чабхъад;čabqad;военная добыча;N sg.t.;;
чача;čača;грудь женская;N;;gen čačiɬ || čačaɬ, pl čačibi, genpl čačibaɬ
чачайо=б;čačajo=b;грудной;Adj;;
чачан;čačan;чеченский;Adj;;
čačana=w/j+?;čačana=w/j;чеченец;N;;gen čačanašːu=b / čačanaɬiɬ, pl čačanadi, genpl čačanadilu=b
чакма;čakma;сапог;N;;gen čakmēɬ, pl čakmedi || čakme || čakmebi, genpl čakmebaɬ
чалаха;čalaχa;шерсть козья;N sg.t.;;
чан;čan;олень;N;;gen aɬ, pl abi, genpl abaɬ
чан;čan;дичь;N;;gen aɬ, pl abi, genpl abaɬ
чахъа;čaqa;камень мелкий;N;;gen čaqiɬ, pl čaqibi || čaqa, genpl čaqibaɬ
чархъ;čarq;точило;N;;gen iɬ, pl abi, genpl abaɬ
чаргъана;čarʁana;сани;N;;gen ɬ, pl bi, genpl baɬ
чаᵸ;čã;чай;N sg.t.;;
чиба;čiba;сука;N;;gen čibēɬ, pl čibēbi, genpl čibēbaɬ
чибча;čibča;молитва;N;;gen ɬ, pl čibčabi || čibčēbi, genpl čibčabaɬ || čibčēbaɬ
чибча;čibča;намаз;N;;gen ɬ, pl čibčabi || čibčēbi, genpl čibčabaɬ || čibčēbaɬ
чикар;čikar;сахар кукурузный;N;;gen ɬ, pl abi, genpl abaɬ
чикар;čikar;сахар кусковой;N;;gen ɬ, pl abi, genpl abaɬ
чикар;čikar;кукуруза;N;;gen ɬ, pl abi, genpl abaɬ
чила;čila;навоз;N sg.t.;;
чила;čila;хутор;N;;gen čiluɬ, pl bi, genpl baɬ
чин;čin;люлька;N;;gen iɬ, pl abi, genpl abaɬ
чинчу=б;činču=b;старый;Adj;;
чиндв;čindʷ;гнездо;N;;gen činduɬ, pl čindʷabi || činduni, genpl čindʷabaɬ || čindunabaɬ
чини;čini;всовывать;V;verbIV;
чини;čini;продевать;V;verbIV;
чини;čini;втыкать;V;verbIV;
чирахъ;čiraq;лампа;N;;gen uɬ, pl abi, genpl abaɬ
чирахъ;čiraq;лампочка;N;;gen uɬ, pl abi, genpl abaɬ
чирахъ;čiraq;светильник;N;;gen uɬ, pl abi, genpl abaɬ
чиркуб;čirkub;удобрение;N sg.t.;;
чункури;čunkuri;ломаться;V;verbIV;
чурпа;čurpa;суп;N sg.t.;;
чорпа;čorpa;суп;N sg.t.;;
чухдур;čuχdur;чухта;N;;gen ɬ, pl abi, genpl abaɬ
чвам;čʷam;сколько;Num;;
чом;čom;сколько;Num;;
č'ača+?;č'ača;крышка;N;;gen č’ačiɬ, pl č’ačibi, genpl č’ačibaɬ
чӀачӀан;č’ač’an;яйцо;N;;gen ɬ, pl č’ač’ami, genpl č’ač’amaɬ
чӀачӀари;č’ač’ari;блевать;V;verbIV;
чӀачӀима;č’ač’ima;бабочка;N;;gen č’ač’imuɬ || č’ač’imaɬ, pl bi, genpl č’ač’imēɬ
чӀаго;č’ago;живой;Adj;;
č’agoja =b+?;č’agoja =b;живой;Adj;;
чӀагьа=б;č’aha=b;яркий;Adj;;
чӀагьа=б;č’aha=b;светлый;Adj;;
чӀагьа̄рах;č’ahāraχ;сверху;Adv;;
чӀахӀ;č’aʜ;трава;N;;gen iɬ, pl abi, genpl abaɬ
чӀахӀ;č’aʜ;сорняк;N;;gen iɬ, pl abi, genpl abaɬ
чӀал;č’al;лист;N;;gen iɬ, pl abi, genpl abaɬ
чӀалгӀаᵸ;č’alʕã;надоедать;V;verbIV;
чӀама;č’ama;крыша;N;;gen č’amuɬ || čamiɬ, pl č’amali || čamebi, genpl č’amalĩɬ || čamebaɬ
чӀама;č’ama;рог;N;;gen č’amiɬ, pl č’ama || č’amē, genpl č’amēɬ
чӀанцӀирала;č’anc’irala;второй раз;Adv;;
чӀанча;č’anča;лук;N sg.t.;;
чӀани;č’ani;жевать;V;verbIV;
чӀантӀ;č’ant’;блоха;N;;gen iɬ || uɬ, pl a, genpl ēɬ
чӀантӀ;č’ant’;клоп;N;;gen iɬ || uɬ, pl a, genpl ēɬ
чӀантӀа;č’ant’a;палка;N;;gen č’ant’iɬ || č’ant’uɬ || č’ant’eɬ, pl č’ant’ibi, genpl č’ant’ibaɬ
чӀара;č’ara;колос;N;;gen č’aruɬ || č’ariɬ, pl č’aribi || č’arirdari || č’ariddari, genpl č’aribaɬ || č’arirdaraɬ || č’ariddaraɬ
чӀара;č’ara;корова нетелившаяся;N;;gen č’aruɬ, pl č’arirdari || č’ariddari, genpl č’arirdaraɬ || č’ariddaraɬ
чӀаркъутӀан;č’arq’ut’an;свекла;N;;gen ɬ, pl abi, genpl abaɬ
чӀаруба;č’aruba;наклонно вниз;Adv;;
чӀаруба;č’aruba;под гору;Adv;;
чӀаба;č’aba;наклонно вниз;Adv;;
чӀаба;č’aba;под гору;Adv;;
чӀарубах;č’arubaχ;внизу;Adv;;
чӀарубах;č’arubaχ;ниже по пологому склону;Adv;;
чӀагъв;č’aʁʷ;рукоятка;N;;gen č’aʁuɬ, pl abi, genpl abaɬ
чӀасса;č’assa;клоп;N;;gen čassuɬ, pl čassibi || čassa, genpl čassibaɬ || čassēɬ
чӀащв;č’ašːʷ;ящерица;N;;gen č’ašːuɬ, pl a, genpl ēɬ
чӀата;č’ata;раскрываться;V;verbIIa;
чӀата;č’ata;оказываться узнанным;V;verbIIa;
чӀатӀилъа;č’at’iɬa;ежевика;N sg.t.;;
чӀатв;č’atʷ;конь верховой;N;;gen č’atuɬ, pl abi, genpl abaɬ
чӀа̄рӯ=б;č’ārū=b;рыжий;Adj;;
чӀа̄рӯ=б;č’ārū=b;русый;Adj;;
чӀегӀе;č’eʕe;буза;N sg.t.;;
чӀегӀе;č’eʕe;густой самогон из крошки пшеничной лепешки;N sg.t.;;
чӀеку=б;č’eku=b;лишний;Adj;;
чӀекӀвамалъ;č’ek’ʷamaɬ;плита для укрепления крыши;N sg.t.;;
чӀера;č’era;два;Num;;
чӀерах;č’eraχ;вверху по склону;Adv;;
чӀера̄;č’erā;вверх;Adv;;
чӀера̄;č’erā;наверх;Adv;;
чӀере̄;č’erē;выливать;V;verbIII;
чӀере̄;č’erē;высыпать;V;verbIII;
чӀерв;č’erʷ;крапива молодая;N sg.t.;;
чӀета=б;č’eta=b;худой;Adj;;
чӀета=б;č’eta=b;тощий;Adj;;
чӀехил;č’eχil;сарай сенной;N;;gen č’eχalɬ, pl č’eχdari, genpl č’eχdaraɬ
чӀе̄;č’ē;насыпать;V;verbV;
чӀе̄;č’ē;высыпать;V;verbV;
чӀе̄;č’ē;бросать;V;verbV;
чӀигьи;č’ihi;вверху;Adv;;
чӀигьи;č’ihi;сверху;Adv;;
č’ihi b=aha+?;č’ihi b=aha;нападать;V;;
č’ihi b=aha+?;č’ihi b=aha;набрасываться;V;;
č’ihi hec’i+?;č’ihi hec’i;вставать;V;;
č’ihi k’anc’uri+?;č’ihi k’anc’uri;нападать;V;;
чӀигьикьи;č’ihiʟ’i;сверху вниз;Adv;;
чӀигьилъабе;č’ihiɬabe;в следующем году;Adv;;
чӀигьилъаби;č’ihiɬabi;в следующем году;Adv;;
č’ihis b=eɬi+?;č’ihis b=eɬi;прощать;V;;
чӀила;č’ila;щека;N;;gen č’iliɬ, pl č’ilibi, genpl č’ilibaɬ
чӀикьикьири;č’iʟ’iʟ’iri;растрескиваться;V;verbIV;
чӀикьири;č’iʟ’iri;трескаться;V;verbIV;
чӀикъ;č’iq’;селезенка;N;;gen iɬ, pl ali, genpl abaɬ || aliɬ
чӀигъ;č’iʁ;таз;N;;gen iɬ, pl ali || abi, genpl abaɬ
чӀиᵸ;č’ĩ;солод;N sg.t.;;
чӀогьа;č’oha;гной;N sg.t.;;
чӀонкъуне̄;č’onq’unē;рубить;V;verbIII;
чӀощ;č’ošː;шиповника ягода;N;;gen iɬ, pl a,genpl ēɬ
чӀунчӀа=б;č’unč’a=b;невкусный;Adj;;
чӀунчӀа=б;č’unč’a=b;надоедливый;Adj;;
чӀунтӀа;č’unt’a;ломаться;V;verbIIb;
чӀута;č’uta;козел кастрированный;N;;gen č’utiɬ, pl č’utibi || č’uti, genpl č’utibaɬ
чӀвал;č’ʷal;шнурок кожаный;N;;gen iɬ || aɬ, pl č’olabi || č’ʷalabi, genpl abaɬ
чӀвал;č’ʷal;полоска кожи;N;;gen iɬ || aɬ, pl č’olabi || č’ʷalabi, genpl abaɬ
чӀвам;č’ʷam;кремень;N;;gen č’ʷamiɬ || č’ʷāmɬ, pl č’ʷama || č’ʷamdari, genpl č’ʷamēɬ
чӀваᵸй;č’ʷãj;кремень;N;;gen č’ʷamiɬ || č’ʷāmɬ, pl č’ʷama || č’ʷamdari, genpl č’ʷamēɬ
чӀвани;č’ʷani;привязывать;V;verbIV;
чӀвани;č’ʷani;завязывать;V;verbIV;
чӀвансӀгъогъала;č’ʷans’ʁoʁala;несколько раз;Adv;;
чӀвансӀгъогъала;č’ʷans’ʁoʁala;несколько;Adv;;
чӀонсӀгъогъала;č’ons’ʁoʁala;несколько раз;Adv;;
чӀонсӀгъогъала;č’ons’ʁoʁala;несколько;Adv;;
чӀванцгъорала;č’ʷancʁorala;несколько раз;Adv;;
чӀванцгъорала;č’ʷancʁorala;несколько;Adv;;
чӀонцгъогъала;č’oncʁoʁala;несколько раз;Adv;;
чӀонцгъогъала;č’oncʁoʁala;несколько;Adv;;
чӀомгъо̄гъала;č’omʁōʁala;несколько раз;Adv;;
чӀомгъо̄гъала;č’omʁōʁala;несколько;Adv;;
чӀвар;č’ʷar;руины;N;;gen iɬ, pl abi, genpl abaɬ
да;da;тоже;Part;;
да;da;даже,;Part;;
дагьа=б;daha=b;немногий;Adj;;
дагьа=б;daha=b;малый;Adj;;
дагӀба;daʕba;спор;N;;gen ɬ, pl daʕbēbi || daʕbabi, genpl daʕbēbaɬ
дагӀба;daʕba;ссора;N;;gen ɬ, pl daʕbēbi || daʕbabi, genpl daʕbēbaɬ
дагӀба;daʕba;перепалка;N;;gen ɬ, pl daʕbēbi || daʕbabi, genpl daʕbēbaɬ
дагӀба;daʕba;драка;N;;gen ɬ, pl daʕbēbi || daʕbabi, genpl daʕbēbaɬ
daʕba qʷē+?;daʕba qʷē;ссориться;V;;
daʕba qʷē+?;daʕba qʷē;ругаться;V;;
дакумент;dakument;документ;N;;gen iɬ, pl abi, genpl abaɬ
дала;dala;даже;Part;;
дала;dala;хоть;Part;;
дан;dan;вещь;N;;gen iɬ, pl abi, genpl abaɬ
дан;dan;парень;N;;gen iɬ, pl abi, genpl abaɬ
дан;dan;девушка;N;;gen iɬ, pl abi, genpl abaɬ
данд;dand;навстречу;Adv;;
данд;dand;напротив;Adv;;
dand b=iʁi+?;dand b=iʁi;противостоять;V;;
dand b=iʁi+?;dand b=iʁi;сопротивляться;V;;
dand b=uku+?;dand b=uku;встречаться;V;verbIa;
дара;dara;пыль;N sg.t.;;
дарам;daram;торговля,;N sg.t.;;
дарц;darc;валенок;N;;gen iɬ, pl i || abi, genpl abaɬ
дарс;dars;урок;N;;gen iɬ, pl abi, genpl abaɬ
даруй;daruj;лекарство;N;;gen ɬ, pl abi, genpl abaɬ
дарв;darʷ;кувшин большой;N;;gen daruɬ, pl abi, genpl abaɬ
давла;dawla;военный поход;N;;gen ɬ, pl bi, genpl baɬ
давла;dawla;военная добыча;N;;gen ɬ, pl bi, genpl baɬ
дажикӀ;dažik’;тыква;N;;gen uɬ, pl abi, genpl abaɬ
дегур;degur;бревно тонкое;N;;gen ɬ, pl dari, genpl daraɬ
дежурний;dežurnij;дежурный;Adj;;
де̄;dē;я;Pron;;
дин;din;исламская религия;N sg.t.;;
дум;dum;ковер;N;;gen iɬ || ɬ, pl ali, genpl alaɬ
дунийал;dunijal;мир;N sg.t.;;
дунийал;dunijal;вселенная;N sg.t.;;
джага;ǯaga;вишня;N;;gen ɬ, pl ǯaga, genpl ǯagēɬ
джахӀда;ǯaʜda;вражда;N;;gen ɬ, pl bi, genpl baɬ
джахӀда;ǯaʜda;спор;N;;gen ɬ, pl bi, genpl baɬ
джаназа;ǯanaza;труп;N;;gen ǯanazaɬ || ǯanazuɬ, pl bi, genpl baɬ
джани;ǯani;тянуть;V;verbIV;
джани;ǯani;взвешивать;V;verbIV;
джанза;ǯanza;кувшин малый;N;;gen ǯanziɬ, pl ǯanzibi, genpl ǯanzibaɬ
джар;ǯar;шея;N;;gen ɬ || iɬ, pl abi, genpl abaɬ
джа̄;ǯā;зерно;N sg.t.;;
джеллаᵸ;ǯellã;бродить;V;verbIIa;
дже̄;ǯē;делать;V;;
джиджин;ǯiǯin;цветок;N;;gen ǯiǯanɬ, pl abi, genpl abaɬ
э=б;e=b;сам;Pron;;
э=б;e=b;он;Pron;;
э=бе=б;e=b-e=b;каждый;PronAdj;;
б=ецӀе̄;b=ec’ē;наполнять;V;verbIII;
б=ецӀе̄;b=ec’ē;покрывать;V;verbIII;
б=ецӀи;b=ec’i;наполняться;V;verbIb;
б=ецӀи;b=ec’i;покрываться;V;verbIb;
б=ецӀире̄;b=ec’irē;мстить;V;verbIII;
б=ецӀири;b=ec’iri;отдавать долг;V;verbIV;
эч;eč;плохо;Adv;;
эч;eč;криво;Adv;;
эч;eč;неправильно;Adv;;
эчеч;ečeč;сильно;Adv;;
эчеч;ečeč;плохо;Adv;;
эчич;ečič;сильно;Adv;;
эчич;ečič;плохо;Adv;;
эчелих;ečeliχ;плохо;Adv;;
б=ечича;b=ečiča;забывать;V;verbIIa;
эчу=б;eču=b;плохой;Adj;;
б=ечӀату=б;b=eč’atu=b;черный;Adj;;
б=ечӀату=б;b=eč’atu=b;темный;Adj;;
б=ечӀура=б;b=eč’ura=b;пустой;Adj;;
б=ечӀве̄;b=eč’ʷē;сыпать;V;verbIII;
эгьели;eheli;сегодня;Adv;;
эгьун;ehun;кузнец;N;;gen šːu=b, pl dari, genpl daralu=b
экуб;ekub;желоб;N;;gen ɬ, pl dari, genpl daraɬ
экваᵸ;ekʷã;есть;V;verbIIb;
эквеᵸ;ekʷẽ;кормить;V;verbIb;
экӀва;ek’ʷa;быть;V;;
экӀва;ek’ʷa;иметься;V;;
эл;el;рот;N;;gen aɬ, pl abi, genpl abaɬ
б=екьи;b=eʟ’i;пахать;V;verbIV;
эласи;elasi;ругаться;V;verbIV;
б=ела̄=б;b=elā=b;тонкий;Adj;;
б=елли;b=elli;молотить;V;verbIV;
б=елъду;b=eɬdu;кроить;V;verbIa;
б=елъи;b=eɬi;идти;V;verbIV;
б=елъи;b=eɬi;ехать;V;verbIV;
б=елъи;b=eɬi;уходить;V;verbIV;
б=елъи;b=eɬi;уезжать;V;verbIV;
эхъа=м;eqa=m;мокрый;Adj;;
б=ехъи;b=eqi;тащить;V;verbIb;
б=ехъи;b=eqi;волочить;V;verbIb;
б=екъу=б;b=eq’u=b;сухой;Adj;;
б=екъу=б;b=eq’u=b;густой;Adj;;
б=екъу=б;b=eq’u=b;вязкий;Adj;;
б=екъвеᵸ;b=eq’ʷẽ;отрицать;V;verbIb;
эру=б;eru=b;некоторый;Adj;;
б=ерхве̄;b=erχʷē;менять;V;verbIII;
б=егъа;b=eʁa;гнуть;V;verbIV;
б=егъе̄;b=eʁē;месить;V;verbIII;
б=егъе̄;b=eʁē;перемешивать;V;verbIII;
эсеб;eseb;бок;N;;gen ɬ, pl di || dari, genpl daraɬ
эсебах;esebaχ;рядом;Adv;;
эсебах;esebaχ;вблизи;Adv;;
эсебахис;esebaχis;близкий;Adj;;
эсеба̄;esebā;рядом;Adv;;
эсеба̄;esebā;вблизи;Adv;;
эсеба̄;esebā;близко;Adv;;
эселъи;eseɬi;сбоку;Adv;;
эселъи;eseɬi;рядом;Adv;;
эселъисини;eseɬisini;мимо;Adv;;
эсежвала;esežʷala;ребро;N;;gen esežʷaliɬ, pl esežʷalibi, genpl esežʷalibaɬ
эсӀ;es’;сыворотка;N sg.t.;;
б=есиси;b=esisi;хвалить;V;verbIb;
эшах;ešaχ;дома;Adv;;
эшах;ešaχ;в окрестностях дома;Adv;;
эша̄;ešā;домой;Adv;;
эши;eši;дома;Adv;;
эшина;ešina;в этом году;Adv;;
б=ешхъа;b=ešqa;мерзнуть;V;verbIIa;
эшши;ešši;ткать;V;verbIb;
эшши;ešši;вязать;V;verbIb;
б=ешта;b=ešta;пускать;V;verbIIa;
б=ешта;b=ešta;отпускать;V;verbIIa;
б=еща=б;b=ešːa=b;жирный;Adj;;
эщаᵸ;ešːã;надевать головной убор;V;verbIIa;
эщеᵸ;ešːẽ;надевать головной убор;V;verbIb;
эщи;ešːi;запирать;V;verbIb;
эта;eta;лететь;V;verbIIa;
б=ета;b=eta;оставлять;V;verbIIa;
б=етӀу;b=et’u;отрываться;V;verbIa;
б=етӀу;b=et’u;рваться;V;verbIa;
б=етӀве̄;b=et’ʷē;отрывать;V;verbIII;
б=еха̄ла=б;b=eχāla=b;длинный;Adj;;
б=еха̄ла=б;b=eχāla=b;высокий;Adj;;
эхв;eχʷ;веник;N;;gen eχuɬ, pl abi, genpl abaɬ
эхва;eχʷa;пасти;V;verbIV;
эх̄е̄;eχːē;вешать;V;verbIII;
б=ех̄еᵸ;b=eχːẽ;начинать;V;verbIb;
эх̄и;eχːi;висеть;V;verbIb;
эх̄ва;eχːʷa;пастух;N;;gen eχːʷašːu=b, pl eχːubi, genpl eχːubalu=b
эх̄ва;eχːʷa;чабан;N;;gen eχːʷašːu=b, pl eχːubi, genpl eχːubalu=b
эх̄в;eχːʷ;пастух;N;;gen eχːʷašːu=b, pl eχːubi, genpl eχːubalu=b
эх̄в;eχːʷ;чабан;N;;gen eχːʷašːu=b, pl eχːubi, genpl eχːubalu=b
эззагӀан;ezzaʕan;многий;Adj;;
эззегӀан;ezzeʕan;многий;Adj;;
гъеззегӀан;ʁezzeʕan;многий;Adj;;
эззагӀанлъир;ezzaʕanɬir;долго;Adv;;
б=ежа;b=eža;печь;V;verbIIa;
б=ежа;b=eža;жарить;V;verbIIa;
б=е̄ча;b=ēča;забывать;V;verbIIa;
гама;gama;лодка;N;;gen ɬ, pl jabi, genpl gamajabaɬ || gamēɬ
гама;gama;корабль;N;;gen ɬ, pl jabi, genpl gamajabaɬ || gamēɬ
гандуй;ganduj;яма;N;;gen gandʷĩɬ || gandujɬ, pl gandujabi || gandʷardi, genpl gandujabaɬ
гандвиᵸ;gandʷĩ;яма;N;;gen gandʷĩɬ || gandujɬ, pl gandujabi || gandʷardi, genpl gandujabaɬ
гандуйабах̄у=б;gandujabaχːu=b;ямистый;Adj;;
гаъишник;gaʔišnik;гаишник;N;;gen šːu=b, pl āri, genpl āru=b
гецӀа;gec’a;зацепляться;V;verbIIa;
гецӀе̄;gec’ē;прицеплять;V;verbIII;
гецӀе̄;gec’ē;накидывать крючок;V;verbIII;
гецӀе̄;gec’ē;застегивать на пуговицы,;V;verbIII;
гецӀири;gec’iri;бороться;V;verbIV;
гирди;girdi;катиться;V;;
гирди;girdi;валиться;V;;
гидди;giddi;катиться;V;;
гидди;giddi;валиться;V;;
гиᵸго;gĩgo;кукушка;N;;gen ɬ, pl gĩgobi || gĩgʷabi, genpl baɬ
гохӀ;goʜ;холм;N;;gen iɬ, pl abi || ali, genpl abaɬ || aliɬ || alaɬ
гор;gor;круг;N;;gen iɬ, pl abi, genpl abaɬ
горгина=б;gorgina=b;круглый;Adj;;
горгина=б;gorgina=b;шарообразный;Adj;;
горири;goriri;скручиваться;V;verbIV;
гожв;gožʷ;клык;N;;gen gožuɬ, pl abi, genpl abaɬ
гуча=б;guča=b;хороший;Adj;;
гуча=б;guča=b;приятный;Adj;;
гудур;gudur;капкан;N;;gen ɬ, pl gudardi || gudarabi, genpl gudardaɬ || gudurdaraɬ
гулли;gulli;разговаривать;V;verbIV;
гур;gur;рубашка;N;;gen iɬ, pl abi, genpl abaɬ
гур;gur;платье;N;;gen iɬ, pl abi, genpl abaɬ
гурхӀелту=б;gurʜeltu=b;безжалостный;Adj;;
гваб;gʷab;малина;N sg.t.;;
гваб;gʷab;рыжик;N;;gen iɬ, pl a, genpl ēɬ
гва̄;gʷā;работа коллективная;N;;gen ɬ, pl bi, genpl baɬ
гьа=б=ужа;ha=b=uža;смешиваться;V;verbIIb;
гьа=б=уже̄;ha=b=užē;смешивать;V;verbIII;
гьаб;hab;уголь древесный;N;;gen iɬ, pl a, genpl ēɬ
гьаб;hab;зола;N;;gen iɬ, pl a, genpl ēɬ
гьабда;habda;три;Num;;
гьабсагӀатлъир;habsaʕatɬir;только что;Adv;;
гьабсагӀатлъир;habsaʕatɬir;сейчас;Adv;;
гьамсагӀатилъир;hamsaʕatiɬir;только что;Adv;;
гьамсагӀатилъир;hamsaʕatiɬir;сейчас;Adv;;
гьабсагӀатида;habsaʕatida;только что;Adv;;
гьабсагӀатида;habsaʕatida;сейчас;Adv;;
гьамсагӀатида;hamsaʕatida;только что;Adv;;
гьамсагӀатида;hamsaʕatida;сейчас;Adv;;
гьацӀа=б;hac’a=b;белый;Adj;;
гьацӀара;hac’ara;десять;Num;;
гьач;hač;дуновение;N sg.t.;;
гьачилъ;hačiɬ;внутренности животного;N sg.t.;;
гьачӀа;hač’a;глаз;N;;gen ɬ, pl hač’a, genpl hač’ēɬ
hač’ēɬ hoha+?;hač’ēɬ hoha;ресница;N;;
гьачӀвара;hač’ʷara;девять;Num;;
гьадашва;hadašʷa;парить;V;;
гьадашва;hadašʷa;выпаривать;V;;
гьадашве̄;hadašʷē;испарять;V;verbIII;
гьагьари;hahari;смеяться;V;verbIV;
гьакӀуй;hak’uj;жена;N;;gen ɬiɬ, pl abi, genpl abaɬ
гьакӀуй;hak’uj;женщина;N;;gen ɬiɬ, pl abi, genpl abaɬ
гьал;hal;горох;N sg.t.;;
гьал;hal;стебель;N;;gen iɬ, pl abi, genpl abaɬ
гьал;hal;след;N;;gen iɬ, pl abi, genpl abaɬ
гьал;hal;подкова;N;;gen iɬ || ɬ, pl ibi || abi, genpl ibaɬ
гьакьа;haʟ’a;лоб;N;;gen haʟ'aɬ || ʜaʟ'iɬ, pl haʟ'abi || haʟ'ibi, genpl baɬ
гьакьура;haʟ’ura;семь;Num;;
гьакьв;haʟ’ʷ;гребень;N;;gen haʟ'uɬ, pl abi, genpl abaɬ
гьакьв;haʟ’ʷ;неделя;N;;gen haʟ'uɬ, pl abi, genpl abaɬ
гьакьв;haʟ’ʷ;охапка;N;;gen haʟ'uɬ, pl abi, genpl abaɬ
гьала;hala;ветка;N;;gen haliɬ, pl halibi, genpl halibaɬ
гьалащабалъ;halašːabaɬ;еле;Adv;;
гьалда;halda;пешком;Adv;;
гьалдас;haldas;пеший;Adj;;
гьали;hali;болеть;V;verbIV;
гьалмагъ;halmaʁ;друг;N;;gen šːu=b, pl zabi, genpl zabalu=b
гьалуба;haluba;вверх;Adv;;
гьалуба;haluba;в гору;Adv;;
гьалубах;halubaχ;наверху;Adv;;
гьалубах;halubaχ;на горе;Adv;;
гьамала;hamala;десна;N;;gen ɬ, pl bi, genpl baɬ
гьан;han;мозг;N sg.t.;;
гьан;han;селение;N;;gen iɬ, pl abi, genpl abaɬ
гьан;han;мошонка;N;;gen iɬ, pl ibi, genpl ibaɬ
гьанцӀар;hanc’ar;бурдюк;N;;gen aɬ || ɬ, pl dari, genpl daraɬ
гьанцӀар;hanc’ar;початок;N;;gen aɬ || ɬ, pl dari, genpl daraɬ
гьанцӀар;hanc’ar;коробок спичек;N;;gen aɬ || ɬ, pl dari, genpl daraɬ
гьанчӀитӀа;hanč’it’a;ухо;N;;gen hanč’it’uɬ, pl bi, genpl baɬ
гьанчӀу=б;hanč’u=b;лживый;Adj;;
гьанд;hand;печь;N sg.t.;;
гьанд;hand;край;N;;gen aɬ, pl abi, genpl abaɬ
гьанда̄кь;handāʟ’;ласка;N;;gen handāʟ'aɬ || handāʟ'uɬ, pl handāʟ'abi || handāʟ’ʷabi, genpl handāʟ'abaɬ || handāʟ’ʷabaɬ
гьанда̄кьв;handāʟ’ʷ;ласка;N;;gen handāʟ'aɬ || handāʟ'uɬ, pl handāʟ'abi || handāʟ’ʷabi, genpl handāʟ'abaɬ || handāʟ’ʷabaɬ
гьане̄;hanē;открывать;V;verbIII;
гьане̄;hanē;раскрывать;V;verbIII;
гьани;hani;раздвигаться;V;verbIV;
гьани;hani;раскрываться;V;verbIV;
гьанкӀва;hank’ʷa;жало;N;;gen hank’uɬ, pl hank’ubi, genpl hank’ubaɬ
гьанкӀва;hank’ʷa;гвоздь;N;;gen hank’uɬ, pl hank’ubi, genpl hank’ubaɬ
гьанла̄;hanlā;бык от года до трех лет;N;;gen hanlēɬ, pl hanlēbi, genpl hanlēbaɬ
гьанхдалу=б;hanχdalu=b;глухой;Adj;;
гьахъи;haqi;вчера ночью;Adv;;
гьакъикъат;haq’iq’at;правда;N sg.t.;;
гьарди;hardi;многий;Adj;;
гьадди;haddi;многий;Adj;;
гьардидан;hardidan;много;Adv;;
гьардидан;hardidan;очень;Adv;;
гьаддидан;haddidan;много;Adv;;
гьаддидан;haddidan;очень;Adv;;
гьардиданлъир;hardidanɬir;долго;Adv;;
гьардиданлъир;hardidanɬir;много раз;Adv;;
гьаддиданлъир;haddidanɬir;долго;Adv;;
гьаддиданлъир;haddidanɬir;много раз;Adv;;
гьардилъир;hardiɬir;долго;Adv;;
гьардилъир;hardiɬir;много раз;Adv;;
гьаддилъир;haddiɬir;долго;Adv;;
гьаддилъир;haddiɬir;много раз;Adv;;
гьари;hari;просить;V;verbIV;
гьаркъим;harq’im;замок;N;;gen ɬ, pl dari, genpl daraɬ
гьасӀв;has’ʷ;слюна;N;;gen has’uɬ, pl abi, genpl abaɬ
гьашел;hašel;правый;Adj;;
гьащӀ;haš’;холм;N;;gen iɬ, pl abi, genpl abaɬ
гьащӀ;haš’;выступ на скале;N;;gen iɬ, pl abi, genpl abaɬ
гьащӀах;haš’aχ;на земле;Adv;;
гьащӀах;haš’aχ;на полу;Adv;;
гьащӀах;haš’aχ;внизу;Adv;;
гьащӀа;haš’a;наклоняться;V;;
гьащӀа;haš’a;падать;V;;
haš’aχ b=aha+?;haš’aχ b=aha;наклоняться;V;;
haš’aχ b=aha+?;haš’aχ b=aha;падать;V;;
гьащӀа;haš’a;садиться;V;;
гьащӀа;haš’a;сидеть;V;;
haš’aχ b=uk’a+?;haš’aχ b=uk’a;садиться;V;;
haš’aχ b=uk’a+?;haš’aχ b=uk’a;сидеть;V;;
гьащӀа;haš’a;усаживать;V;;
haš’aχ b=uk’ē+?;haš’aχ b=uk’ē;усаживать;V;;
haš’aχ mak’a+?;haš’aχ mak’a;пол;N;;
гьащӀа̄;haš’ā;вниз;Adv;;
гьащӀа̄;haš’ā;на землю;Adv;;
гьащӀа̄;haš’ā;на пол;Adv;;
haš’ā b=eč’ʷē+?;haš’ā b=eč’ʷē;рассыпать;V;;
haš’ā b=eč’ʷē+?;haš’ā b=eč’ʷē;высыпать;V;;
гьащӀиба=б;haš’iba=b;тяжелый;Adj;;
гьащӀиба=б;haš’iba=b;трудный;Adj;;
гьащӀв;haš’ʷ;голос;N;;gen haš’uɬ, pl abi, genpl abaɬ
гьащӀв;haš’ʷ;звук;N;;gen haš’uɬ, pl abi, genpl abaɬ
гьащӀв;haš’ʷ;шум;N;;gen haš’uɬ, pl abi, genpl abaɬ
гьату=б;hatu=b;немногий;Adj;;
гьату=б;hatu=b;слабый;Adj;;
гьатӀ;hat’;мука;N sg.t.;;
гьатӀ;hat’;тесто;N sg.t.;;
гьатӀу=б;hat’u=b;мокрый;Adj;;
гьатӀу=б;hat’u=b;влажный,;Adj;;
гьава;hawa;воздух;N sg.t.;;
гьаᵸлла;hãlla;пот;N sg.t.;;
гьаᵸ;hã;видеть;V;;
he=m/b+?;he=m/b;кто;Pron;;
he=m/b+?;he=m/b;что;Pron;;
гьецӀцӀа;hec’c’a;корыто для домашнего хозяйства;N;;gen hec’c’iɬ, pl hec’c’ibi, genpl hec’c’ibaɬ
гьецӀе̄;hec’ē;поднимать;V;verbIII;
гьецӀи;hec’i;вставать;V;verbIb;
гьецӀи;hec’i;подниматься;V;verbIb;
гьецӀу=б;hec’u=b;высокий;Adj;;
гьечела;hečela;бабушка;N;;"gen ɬiɬ, pl abi, genpl balu=b; Ь ⊂ heči ’более’ + ila ’мать’"
гьечема;hečema;дедушка;N;;"gen šːu=b, pl bi, genpl balu=b; Ь ⊂ heči ’более’ + ima ’отец’"
гьечи;heči;очень;Adv;;
гьечи;heči;более;Adv;;
гьечи;heči;наиболее;Adv;;
гьечигьес;hečihes;последний;Adj;;
гьечисе̄;hečisē;впервые;Adv;;
гьечисер;hečiser;впервые;Adv;;
гьечисерис;hečiseris;первый;Adj;;
гьечисес;hečises;первый;Adj;;
гьеджа̄ла;heǯāla;почему;PronAdv;;
гьеджа̄;heǯā;почему;PronAdv;;
гьеджа̄ли;heǯāli;почему;PronAdv;;
гьекӀоча;hek’oča;мышь;N;;gen hek’očuɬ, pl bi, genpl baɬ
гьекӀв;hek’ʷ;моча;N sg.t.;;
hek’ʷ χʷē+?;hek’ʷ χʷē;мочиться;V;;
гьекӀва;hek’ʷa;человек;N;;"gen šːu=b, pl hek’ʷa, genpl hek’ʷalu=b; Ш unaɬ hek’ʷa Nродственник"
гьекӀва;hek’ʷa;мужчина;N;;"gen šːu=b, pl hek’ʷa, genpl hek’ʷalu=b; Ш unaɬ hek’ʷa Nродственник"
гьекӀваш;hek’ʷaš;амбар;N;;gen uɬ, pl abi, genpl abaɬ
гьекьаᵸ;heʟ’ã;надевать одежду ниже пояса;V;verbIIa;
гьекьаᵸ;heʟ’ã;обувь;V;verbIIa;
гьекьем;heʟ’em;морковь;N;;gen heʟ'enɬ || heʟ'emɬ, pl i, genpl aɬ || шɬ
гьекьем;heʟ’em;корнеплод;N;;gen heʟ'enɬ || heʟ'emɬ, pl i, genpl aɬ || шɬ
гьекьи;heʟ’i;говорить;V;verbIb;
гьекьи;heʟ’i;велеть;V;verbIb;
гьелали;helali;любить;V;;
гьелалъи;helaɬi;вечером в;Adv;;
гьелле̄;hellē;укладывать;V;verbIII;
гьелли;helli;ложиться;V;verbIV;
гьелли;helli;лежать;V;verbIV;
гьемер;hemer;сноп травы большой;N;;gen ɬ, pl di || dari, genpl daraɬ
гьемер;hemer;вязанка сена;N;;gen ɬ, pl di || dari, genpl daraɬ
гьер;her;кровь;N sg.t.;;
гьер;her;позади;Adv;;
гьер;her;сзади;Adv;;
гьер;her;следом;Adv;;
гьер;her;вслед;Adv;;
гьегьер;heher;позади;Adv;;
гьегьер;heher;сзади;Adv;;
гьегьер;heher;следом;Adv;;
гьегьер;heher;вслед;Adv;;
her ʁʷandi+?;her ʁʷandi;догонять;V;;
гъонди;ʁondi;догонять;V;;
гьера;hera;облако;N sg.t.;;
гьерах;heraχ;за;Adv;;
гьерах;heraχ;потом;Adv;;
гьерах;heraχ;после;Adv;;
гьерах;heraχ;назад;Adv;;
гьерах̄у=б;heraχːu=b;облачный;Adj;;
гьерер;herer;теленок старше года;N;;gen uɬ, pl heriba, genpl heribēɬ
гьере̄;herē;пугать;V;verbIII;
гьери;heri;бояться;V;verbIV;
гьери;heri;пугаться;V;verbIV;
гьерилъ;heriɬ;рукоятка топора;N;;gen uɬ, pl abi, genpl abaɬ
гьерилъ;heriɬ;мотыги;N;;gen uɬ, pl abi, genpl abaɬ
heriɬ pul+?;heriɬ pul;сосуд кровеносный;N sg.t.;;
гьесса;hessa;река;N;;gen ɬ, pl bi, genpl baɬ
гьешта;hešta;как;PronAdv;;
гьешта;hešta;почему;PronAdv;;
гьешто̄=б;heštō=b;сколько;Num;;
гьешто̄=б=лъир;heštō=b=ɬir;как долго;PronAdv;;
гьешту=б;heštu=b;какой;PronAdj;;
гьещӀе̄;heš’ē;поднимать;V;verbIII;
гьещӀи;heš’i;вставать;V;verbIb;
hē b=eɬi+?;hē b=eɬi;уходить;V;;
hē b=eɬi+?;hē b=eɬi;идти назад;V;;
гье̄;hē;позади;Adv;;
гье̄;hē;назад;Adv;;
гье̄;hē;следом;Adv;;
гье̄;hē;потом;Adv;;
гье̄;hē;после;Adv;;
гье;he;позади;Adv;;
гье;he;назад;Adv;;
гье;he;следом;Adv;;
гье;he;потом;Adv;;
гье;he;после;Adv;;
гье̄ла;hēla;все же;Adv;;
гье̄ла;hēla;снова;Adv;;
гьигьвари;hihʷari;трясти;V;verbIV;
гьикьах;hiʟ’aχ;внизу;Adv;;
гьикьа̄;hiʟ’ā;вниз;Adv;;
гьикьи;hiʟ’i;вниз;Adv;;
гьикьи;hiʟ’i;внизу;Adv;;
гьилв;hilʷ;дно;N;;gen hiluɬ, pl abi, genpl abaɬ
гьилв;hilʷ;крыло;N;;gen hiluɬ, pl abi, genpl abaɬ
гьим;him;шило;N;;gen iɬ, pl abi, genpl abaɬ
гьинцӀа;hinc’a;камень;N;;"gen hinc’iɬ, pl hinc’ibi, genpl hinc’ibaɬ; Ш beč’atub hinc’a N уголь"
гьинцӀакъв;hinc’aq’ʷ;кувалда;N;;gen hinc’aq’uɬ, pl abi, genpl abaɬ
гьинцӀащул;hinc’ašːul;кольцо;N;;gen ɬ, pl dari, genpl daraɬ
гьинцӀибах̄у=б;hinc’ibaχːu=b;каменистый;Adj;;
гьинцӀил;hinc’il;палец;N;;gen hinc’ulɬ || hinc’ilɬ || hinc’alɬ, pl abi, genpl abaɬ
гьинчӀа=б;hinč’a=b;большой;Adj;;
гьинчӀа=б;hinč’a=b;крупный;Adj;;
гьинчӀа=б;hinč’a=b;старый;Adj;;
гьинчӀа=б;hinč’a=b;старший;Adj;;
гьинчӀа=б;hinč’a=b;громкий;Adj;;
гьинчӀа=в;hinč’a=w;начальник;N;;gen hinč’ašːu=b, pl hinč’aba, genpl hinč’abalu=b
гьинчӀа=в;hinč’a=w;старейшина;N;;gen hinč’ašːu=b, pl hinč’aba, genpl hinč’abalu=b
hinč’a=w was+?;hinč’a=w was;брат старший;N;;
гьинда;hinda;когда;PronAdv;;
hindadala|| hindāla+?;hindadala|| hindāla;всегда;PronAdv;;
hindadala|| hindāla+?;hindadala|| hindāla;постоянно;PronAdv;;
гьинди;hindi;где;PronAdv;;
гьинди;hindi;куда;PronAdv;;
гьини;hini;внутри;Adv;;
гьини;hini;внутрь;Adv;;
гьинсӀ;hins’;гумно;N;;gen iɬ, pl abi, genpl abaɬ
гьинсӀ;hins’;площадь;N;;gen iɬ, pl abi, genpl abaɬ
гьитӀа;hit’a;ненавидеть;V;;
гьитӀали;hit’ali;ненавидеть;V;;
гьиᵸгьаᵸ;hĩhã;груша;N;;gen ɬ, pl hĩhã, genpl hĩhēnɬ
гьиᵸгьаᵸ;hĩhã;лопух;N;;gen ɬ, pl hĩhã, genpl hĩhēnɬ
гьоб;hob;могила;N;;gen iɬ, pl abi, genpl abaɬ
гьобилъ;hobiɬ;кладбище;N;;"gen hobiɬiɬ, pl hobiɬali, genpl hobiɬalaɬ; ⮊ ⊂ hob"
гьогь;hoh;камень межевой;N;;gen iɬ, pl abi, genpl abaɬ
гьогьа;hoha;наперсток;N;;"gen hohiɬ || hohaɬ, pl hohubi || hohibi || hahabi, genpl hohabaɬ; Ш hač’ēɬ hoha N ресница"
гьогьа;hoha;волос;N;;gen hohuɬ, pl hohibi || hohubi, genpl hohibaɬ
гьвагьа;hʷaha;волос;N;;gen hohuɬ, pl hohibi || hohubi, genpl hohibaɬ
гьорко;horko;арба;N;;gen horkoɬ || hokoɬ, pl horkojabi || hokojabi, genpl horkojabaɬ || hokojabaɬ
гьоко;hoko;арба;N;;gen horkoɬ || hokoɬ, pl horkojabi || hokojabi, genpl horkojabaɬ || hokojabaɬ
гьо̄=б;hō=b;хороший;Adj;;
гьудуллир;hudullir;дружба;N;;gen ɬiɬ
гьума;huma;кол;N;;gen humiɬ, pl humibi, genpl humibaɬ
гьума;huma;столб опорный;N;;gen humiɬ, pl humibi, genpl humibaɬ
гьумара;humara;горсть двух рук;N;;gen ɬ, pl humarabi || humardari || humardi, genpl humardaraɬ
гьуна=б;huna=b;жидкий;Adj;;
гьунари;hunari;трюк;N;;gen ɬ, pl hunardari || hunardi, genpl hunardaraɬ
гьунари;hunari;цироковой номер;N;;gen ɬ, pl hunardari || hunardi, genpl hunardaraɬ
гьунчӀа;hunč’a;сено;N sg.t.;;
гьунчӀа;hunč’a;кулак;N;;gen hunč’iɬ || hunčaɬ, pl hunč’ibi, genpl hunč’ibaɬ
гьунгар;hungar;окно;N;;gen ɬ, pl dari, genpl daraɬ
гьуни;huni;нюхать;V;verbIV;
гьункӀала=б;hunk’ala=b;бедняга;N;;gen hunk’alabašːu=b, pl hunk’ala=ba, genpl hunk’ala=ba=lur
гьунсӀ;huns’;мед;N sg.t.;;
гьунсӀ;huns’;дверь;N;;gen huns’uɬ || hins’uɬ, pl huns’abi || hins’ʷabi, genpl huns’abaɬ
гьинсӀв;hins’ʷ;дверь;N;;gen huns’uɬ || hins’uɬ, pl huns’abi || hins’ʷabi, genpl huns’abaɬ
гьунсалъ;hunsaɬ;хуштадинец;N;;
гьунсер;hunser;легкое;N;;gen ɬ, pl di, genpl daraɬ
гьунша;hunša;поле;N;;gen hunšiɬ, pl hunrabi, genpl hunrabaɬ
гьунша;hunša;сельскохозяйственный участок;N;;gen hunšiɬ, pl hunrabi, genpl hunrabaɬ
гьуншта;hunšta;так же;Adv;;
гьур;hur;дрова;N;;gen aɬ || iɬ, pl abi, genpl abaɬ
гьур;hur;древесина;N;;gen aɬ || iɬ, pl abi, genpl abaɬ
гьургьири;hurhiri;шевелиться;V;verbIV;
гьваб;hʷab;мельница;N;;gen iɬ, pl hʷabijaɬ, genpl hʷabijaɬabaɬ
гьвай;hʷaj;собака;N;;gen hʷāɬ, pl hʷaraɬ, genpl hʷaraɬĩɬ
гьвалле̄;hʷallē;кипятить;V;verbIII;
гьолле̄;hollē;кипятить;V;verbIII;
гьвалли;hʷalli;кипеть;V;;
гьолли;holli;кипеть;V;;
гьванлъи;hʷanɬi;гнить;V;verbIb;
гьванлъи;hʷanɬi;протухать;V;verbIb;
hʷãj b=ā+?;hʷãj b=ā;чуять;V;;
хӀадура=б;ʜadura=b;готовый;Adj;;
хӀадурели;ʜadureli;готовиться;V;verbIb;
хӀадурели;ʜadureli;подготавливаться;V;verbIb;
хӀадурли;ʜadurli;готовиться;V;verbIb;
хӀадурли;ʜadurli;подготавливаться;V;verbIb;
хӀагьане̄;ʜahanē;заставлять ржать;V;verbIII;
хӀагьани;ʜahani;ржать;V;verbIV;
хӀайван;ʜajwan;скотина;N;;gen ɬiɬ, pl abi, genpl abaɬ
хӀаким;ʜakim;начальник;N;;gen šːu=b, pl zabi, genpl zabalu=b
хӀал;ʜal;состояние;N sg.t.;;
хӀалал;ʜalal;деяние доброе;N sg.t.;;
хӀаликата=б;ʜalikata=b;подлый;Adj;;
хӀалима=б;ʜalima=b;нежный;Adj;;
хӀалтӀи;ʜalt’i;работа;N;;gen ɬ, pl ʜalt’abi, genpl ʜalt’abaɬ
хӀалтӀири;ʜalt’iri;работать;V;verbIV;
хӀанкӀвара;ʜank’ʷara;пень;N;;gen ɬ, pl ʜank’ʷarabi || ʜank’ʷaddari, genpl ʜank’ʷaddaraɬ || ʜank’ʷarabaɬ
хӀахълъилъ;ʜaqɬiɬ;о;Postp;;
хӀарам;ʜaram;деяние злое;N sg.t.;;
хӀарди;ʜardi;лаять;V;;
хӀабди;ʜabdi;лаять;V;;
хӀадди;ʜaddi;лаять;V;;
хӀарзайа=б;ʜarzaja=b;изобильный;Adj;;
хӀажатхан;ʜažatχan;туалет;N;;gen ɬiɬ, pl abi, genpl abaɬ
хӀикмат;ʜikmat;чудо;N;;gen iɬ, pl abi, genpl abaɬ
хӀикмата=б;ʜikmata=b;удивительный;Adj;;
хӀикмата=б;ʜikmata=b;чудесный;Adj;;
хӀилако;ʜilako;петух;N;;gen ʜilakoɬ || ʜelekuɬ || ʜelekoɬ, pl ʜilakobi || ʜelekōbi || ʜelekʷabi, genpl ʜilakobaɬ || ʜelekōbaɬ || ʜelekʷabaɬ
хӀелеко;ʜeleko;петух;N;;gen ʜilakoɬ || ʜelekuɬ || ʜelekoɬ, pl ʜilakobi || ʜelekōbi || ʜelekʷabi, genpl ʜilakobaɬ || ʜelekōbaɬ || ʜelekʷabaɬ
хӀилла;ʜilla;обман;N;;gen ʜillaɬ || ʜiller, pl jabi, genpl jabaɬ
хӀинчури;ʜinčuri;чихать;V;verbIV;
хӀисаб;ʜisab;вычисление;N;;gen ɬ, pl dari, genpl daraɬ
хӀокму;ʜokmu;решение;N sg.t.;;
хӀули;ʜuli;перо;N;;gen ɬ, pl bi || jabi, genpl baɬ
хӀули;ʜuli;пух;N;;gen ɬ, pl bi || jabi, genpl baɬ
хӀункъури;ʜunq’uri;всхлипывать;V;verbIV;
хӀурмат;ʜurmat;уважение;N sg.t.;;
гӀабдал;ʕabdal;дурак;N;;gen šːu=b, pl zabi, genpl zabalu=b
гӀабу=б;ʕabu=b;широкий;Adj;;
гӀачу=б;ʕaču=b;зеленый;Adj;;
гӀадалу=б;ʕadalu=b;глупый;Adj;;
гӀадат;ʕadat;обычай;N;;gen + pl abi, genpl —
гӀадатийа=б;ʕadatija=b;обычный;Adj;;
гӀадлу;ʕadlu;порядок;N sg.t.;;
гӀадлу;ʕadlu;дисциплина;N sg.t.;;
гӀадула;ʕadula;вещь;N;;"gen ɬiɬ,pl bi, genpl baɬ; Ь ∩ ʕadlu"
гӀадула;ʕadula;скарб;N;;"gen ɬiɬ,pl bi, genpl baɬ; Ь ∩ ʕadlu"
гӀадула;ʕadula;порядок;N;;"gen ɬiɬ,pl bi, genpl baɬ; Ь ∩ ʕadlu"
гӀадла;ʕadla;вещь;N;;"gen ɬiɬ,pl bi, genpl baɬ; Ь ∩ ʕadlu"
гӀадла;ʕadla;скарб;N;;"gen ɬiɬ,pl bi, genpl baɬ; Ь ∩ ʕadlu"
гӀадла;ʕadla;порядок;N;;"gen ɬiɬ,pl bi, genpl baɬ; Ь ∩ ʕadlu"
гӀагалли;ʕagalli;участвовать;V;verbIb;
гӀай;ʕaj;бульон;N;;gen ʕajɬ || ʕāɬ, pl ʕadabi, genpl —
гӀай;ʕaj;отвар;N;;gen ʕajɬ || ʕāɬ, pl ʕadabi, genpl —
гӀай;ʕaj;пойло;N;;gen ʕajɬ || ʕāɬ, pl ʕadabi, genpl —
гӀаламата=б;ʕalamata=b;удивительный;Adj;;
гӀаламатли;ʕalamatli;удивляться;V;verbIb;
гӀалджан;ʕalǯan;рай;N sg.t.;;
гӀама;ʕama;осел;N;;gen ʕamoɬ, pl ʕamibi || ʕama, genpl ʕamēɬ
гӀамал;ʕamal;характер;N;;gen ɬ, pl dari капризы, genpl daraɬ
гӀамалту=б;ʕamaltu=b;бесхарактерный;Adj;;
гӀанди;ʕandi;кричать;V;verbIV;
гӀанса;ʕansa;посох;N;;gen ʕansiɬ || ʕansēɬ, pl ʕansēbi || ʕansibi, genpl ʕansēbaɬ
гӀакълуйа=б;ʕaq’luja=b;умный;Adj;;
гӀараб;ʕarab;арабский;Adj;;
гӀараб;ʕarab;араб;N;;gen ʕarabija=b, pl ʕarabijadi, genpl ʕarabijadĩlu=b
гӀарал;ʕaral;ладонь;N;;gen ɬ, pl dari, genpl daraɬ
гӀарах;ʕaraχ;прямо;Adv;;
гӀа̄б;ʕāb;вина;N;;gen ɬiɬ, pl abi, genpl abaɬ
гӀа̄бийа=б;ʕābija=b;виноватый;Adj;;
гӀеч;ʕeč;яблоко;N;;gen iɬ, pl abi, genpl abaɬ
гӀечетӀ;ʕečet’;мята;N sg.t.;;
гӀе̄;ʕē;опираться;V;verbV;
гӀилла;ʕilla;причина;N;;gen ɬ, pl ʕillajabi, genpl ʕillajabaɬ
гӀолохъан;ʕoloqan;молодой;Adj;;
гӀолохъан;ʕoloqan;молодой человек;N;;gen šːu=b, pl ʕoloqami, genpl ʕoloqabalu=b
гӀорми;ʕormi;жизнь;N sg.t.;;
гӀорхъи;ʕorqi;граница;N;;gen ʕorqĩɬ, pl ʕorqijabi, genpl ʕorqijabaɬ
<ōb šːĩ+?;<ōb šːĩ;простокваша;N sg.t.;;
гӀучӀ;ʕuč’;вилка;N;;gen iɬ, pl abi, genpl abaɬ
гӀул;ʕul;кора;N;;gen iɬ, pl abi, genpl ibaɬ
гӀурус;ʕurus;русский;Adj;;
ʕurus kubaɬ+?;ʕurus kubaɬ;кирка;N;;
ʕurus q’ol+?;ʕurus q’ol;картошка;N;;
гӀужрукъ;ʕužruq’;еж;N;;gen iɬ || uɬ, pl abi, genpl abaɬ
гӀуᵸ;ʕũ;кал;N;;gen ɬ, pl bi, genpl baɬ
ʕũ ǯē+?;ʕũ ǯē;испражняться;V;;
б=ицӀа;b=ic’a;таять;V;verbIIa;
б=ицӀе̄;b=ic’ē;растапливать;V;verbIII;
ичи;iči;давать;V;verbIb;
ичи;iči;дарить;V;verbIb;
б=ичӀа;b=ič’a;умирать;V;verbIIa;
б=ичӀа;b=ič’a;ломаться;V;verbIIa;
б=ичӀа;b=ič’a;портиться;V;verbIIa;
б=ичӀа;b=ič’a;заканчиваться;V;verbIIa;
б=ичӀа=б;b=ič’a=b;тупой;Adj;;
б=ичӀаᵸ;b=ič’ã;смотреть;V;verbIIa;
б=ичӀе̄;b=ič’ē;умерщвлять;V;verbIII;
б=ичӀе̄;b=ič’ē;ломать;V;verbIII;
б=ичӀе̄;b=ič’ē;портить;V;verbIII;
ичва;ičʷa;кобыла;N;;gen ičuɬ, pl bi, genpl baɬ
игьа;iha;группа людей;N sg.t.;;
игьаб;ihab;ремень кожаный;N;;gen ɬ, pl dari, genpl daraɬ
игьату=б;ihatu=b;одинокий;Adj;;
игьату=б;ihatu=b;сиротский;Adj;;
ihatu=j ila+?;ihatu=j ila;мачеха;N;;
ihatu=w ima+?;ihatu=w ima;отчим;N;;
б=игьаᵸ;b=ihã;варить;V;verbIIa;
б=игьеᵸ;b=ihẽ;совокупляться;V;verbIb;
б=игьи;b=ihi;брать;V;verbIb;
игьвар;ihʷar;озеро;N;;gen ɬ, pl dari, genpl daraɬ
б=ийа;b=ija;знать;V;verbV;
б=икьиᵸро=б;b=iʟ’ĩro=b;горький;Adj;;
ила;ila;мать;N;;"gen ɬiɬ, pl iliddari || ilibi, genpl iliddaraɬ; Ш ihatu=j ila N мачеха"
б=иллаᵸ;b=illã;просыпаться;V;verbIIa;
иллъгӀама;ilɬʕama;челюсть;N;;gen ilɬʕamaɬ || ilɬamaɬiɬ, pl ilɬʕamibi || ilɬʕabi || ilɬʕamē, genpl ilɬʕamibaɬ || ilɬʕamēɬ
илъи;iɬi;мы;Pron;;
б=илълъи;b=iɬɬi;трогать;V;verbIb;
б=илълъи;b=iɬɬi;касаться;V;verbIb;
има;ima;отец;N;;"gen šːu=b, pl imiddari || imibi, genpl imiddaraɬ; Ш ihatu=w ima N отчим"
имаби;imabi;предки,;N pl.t.;;
имами;imami;предки,;N pl.t.;;
имам;imam;имам;N;;gen aɬ, pl abi, genpl abaɬ
иман;iman;вера;N sg.t.;;
иман;iman;совесть;N sg.t.;;
имари;imari;родители,;N pl.t.;;
инча;inča;корзина для сена или травы;N;;gen inčiɬ, pl inčibi, genpl inčibaɬ
инджит;inǯit;подло;Adv;;
инджита=б;inǯita=b;подлый;Adj;;
инкар;inkar;отказ;N sg.t.;;
инлъах;inɬaχ;тихо;Adv;;
инлъах;inɬaχ;медленно;Adv;;
инлъах;inɬaχ;негромко;Adv;;
инлъира;inɬira;шесть;Num;;
инщтура;inšːtura;пять;Num;;
инх̄;inχː;ручей;N;;gen iɬ, pl abi, genpl abaɬ
б=икъи;b=iq’i;делить;V;verbIb;
ирга;irga;очередь;N sg.t.;;
b=iRA+?;b=iRA;проигрывать;V;verbIIa;
б=игъе̄;b=iʁē;ставить;V;verbIII;
б=игъе̄;b=iʁē;останавливать;V;verbIII;
б=игъеᵸ;b=iʁẽ;выигрывать;V;verbIb;
б=игъи;b=iʁi;останавливаться;V;verbIV;
б=игъи;b=iʁi;стоять;V;verbIV;
б=игъи;b=iʁi;оставаться;V;verbIV;
иса;isa;сыр;N sg.t.;;
б=исаᵸ;b=isã;находить;V;verbIIa;
б=исе̄;b=isē;жать;V;verbIII;
б=исе̄;b=isē;давить;V;verbIII;
б=иси;b=isi;сжиматься;V;verbIb;
истол;istol;стол;N;;gen ɬ, pl abi, genpl abaɬ
исв;isʷ;зуб коренной;N;;gen isuɬ, pl abi, genpl abaɬ
b=iSA+?;b=iSA;таять;V;verbIIa;
б=исӀиᵸ;b=is’ĩ;считать;V;verbIb;
ишам;išam;коза от одного года до трех лет;N;;gen ɬ, pl dari, genpl daraɬ
б=ишаᵸ;b=išã;выигрывать;V;verbIIa;
б=ишаᵸ;b=išã;побеждать;V;verbIIa;
б=ишеᵸ;b=išẽ;поддаваться;V;verbIb;
ишкола;iškola;школа;N;;gen iškoliɬ || iškolɬ || školɬ, pl iškolabi || školabi, genpl iškolabaɬ || školabaɬ
школа;škola;школа;N;;gen iškoliɬ || iškolɬ || školɬ, pl iškolabi || školabi, genpl iškolabaɬ || školabaɬ
б=ищӀи;b=iš’i;складывать;V;verbIb;
б=ище̄;b=išːē;мазать;V;verbIII;
ищи;išːi;мы;Pron;;
б=ищи;b=išːi;ловить;V;verbIb;
б=ищи;b=išːi;хватать;V;verbIb;
б=ищи;b=išːi;держать;V;verbIb;
б=ищири;b=išːiri;выбирать;V;verbIV;
ита=б;ita=b;низкий;Adj;;
б=итаᵸ;b=itã;теряться;V;verbIIa;
б=итаᵸ;b=itã;исчезать;V;verbIIa;
б=итеᵸ;b=itẽ;терять;V;verbIb;
б=итӀе̄;b=it’ē;распрямлять;V;verbIII;
б=итӀе̄;b=it’ē;выравнивать;V;verbIII;
б=итӀе̄;b=it’ē;исправлять;V;verbIII;
б=итӀе̄;b=it’ē;выпрямлять;V;verbIII;
б=итӀе̄;b=it’ē;тесать;V;verbIII;
б=итӀе̄;b=it’ē;лечить;V;verbIII;
б=итӀе̄;b=it’ē;гнать;V;verbIII;
б=итӀе̄;b=it’ē;прогонять;V;verbIII;
б=итӀи;b=it’i;прямо;Adv;;
б=итӀи;b=it’i;правильно;Adv;;
б=итӀили;b=it’ili;выздоравливать;V;verbIb;
б=итӀили;b=it’ili;распрямляться;V;verbIb;
б=итӀилих;b=it’iliχ;прямо;Adv;;
б=итӀилих;b=it’iliχ;правильно;Adv;;
б=итӀу=б;b=it’u=b;ровный;Adj;;
б=итӀу=б;b=it’u=b;прямой;Adj;;
б=итӀу=б;b=it’u=b;правильный;Adj;;
б=итӀу=б;b=it’u=b;порядочный;Adj;;
б=их̄е̄;b=iχːē;радовать;V;verbIII;
б=их̄и;b=iχːi;радоваться;V;verbIb;
изму;izmu;разрешение;N;;gen izmaɬ, pl izmabi, genpl izmabaɬ
izmu b=ihi+?;izmu b=ihi;просить разрешения;V;;
б=ижу;b=ižu;расти;V;verbIa;
ижв;ižʷ;станок ткацкий;N;;gen ižuɬ, pl abi, genpl abaɬ
иᵸнх̄в;ĩnχːʷ;вымя;N;;gen шnχːuɬ, pl abi, genpl abaɬ
йахӀ;jaʜ;терпение;N sg.t.;;
йас;jas;сестра;N;;gen uɬ, pl ibadi, genpl ibadilu=b
йасаб;jasab;сестра двоюродная;N;;"gen ɬiɬ, pl dari, genpl daralu=b; ⮊ ⊂ jas"
йаш;jaš;девочка;N;;"gen ɬiɬ, pl i, genpl alu=b || abalu=b; Ш wašašːu=j jaš N внучка"
йаш;jaš;девушка;N;;"gen ɬiɬ, pl i, genpl alu=b || abalu=b; Ш wašašːu=j jaš N внучка"
йаш;jaš;дочь;N;;"gen ɬiɬ, pl i, genpl alu=b || abalu=b; Ш wašašːu=j jaš N внучка"
йах̄сийа;jaχːsija;точило плоское;N;;gen ɬ, pl bi, genpl baɬ
йа̄лухъ;jāluq;косынка;N;;gen iɬ, pl abi, genpl abaɬ
йера;jera;сейчас;Adv;;
йера;jera;теперь;Adv;;
йерасагӀалъир;jerasaʕaɬir;на этот раз;Adv;;
йерасагӀалъир;jerasaʕaɬir;сейчас;Adv;;
йераса̄лъир;jerasāɬir;на этот раз;Adv;;
йераса̄лъир;jerasāɬir;сейчас;Adv;;
йе̄слъир;jēsɬir;на этот раз;Adv;;
йе̄слъир;jēsɬir;сейчас;Adv;;
какири;kakiri;критиковать;V;verbIV;
калхуз;kalχuz;колхоз;N;;gen iɬ, pl ibi, genpl ibaɬ
камири;kamiri;не хватать;V;verbIV;
камири;kamiri;недоставать;V;verbIV;
камунист;kamunist;коммунист;N;;gen šːu=b, pl adi, genpl adilu=b
кантора;kantora;контора;N;;gen ɬ || aɬ, pl dari, genpl daraɬ
капуру=б;kapuru=b;неверующий;Adj;;
капру=б;kapru=b;неверующий;Adj;;
картӀ;kart’;дыра;N;;"gen iɬ || aɬ, pl abi, genpl abaɬ; Ш rosa(ɬ) kart’ N заднепроходное отверстие"
картӀ;kart’;петля;N;;"gen iɬ || aɬ, pl abi, genpl abaɬ; Ш rosa(ɬ) kart’ N заднепроходное отверстие"
кагъал;kaʁal;бумага;N;;gen ɬ, pl di, genpl dĩɬ
кагъал;kaʁal;письмо;N;;gen ɬ, pl di, genpl dĩɬ
кава;kawa;ворота;N;;gen ɬ, pl bi, genpl baɬ
кецӀв;kec’ʷ;петля;N;;gen kec’uɬ, pl abi, genpl abaɬ
кечӀ;keč’;песня;N;;gen iɬ, pl abi, genpl abaɬ
кеп;kep;интерес;N sg.t.;;
кеп;kep;веселье;N sg.t.;;
кепа=б;kepa=b;веселый;Adj;;
кепа=б;kepa=b;интересный;Adj;;
кепкечӀ;kepkeč’;праздник;N sg.t.;;
кермет;kermet;конфета;N;;gen uɬ, pl abi, genpl abaɬ
километра;kilometra;километр;N sg.t;;
китв;kitʷ;кошка;N;;gen kituɬ, pl abi, genpl abaɬ
кӯза;kūza;кузов;N;;gen ɬ, pl bi, genpl baɬ
кол;kol;овчарня;N;;gen iɬ, pl abi, genpl abaɬ
кол;kol;сноп;N;;gen iɬ, pl abi, genpl abaɬ
кор;kor;корыто;N;;gen iɬ, pl abi, genpl abaɬ
кор;kor;из которого поят скот;N;;gen iɬ, pl abi, genpl abaɬ
кор;kor;поилка;N;;gen iɬ, pl abi, genpl abaɬ
корт;kort;годекан;N sg.t.;;
кортӀа;kort’a;молоток;N;;gen kort’iɬ, pl kort’ibi, genpl kort’ibaɬ
кот;kot;тапок;N;;gen iɬ, pl i, genpl шɬ
кручок;kručok;крючок;N;;gen ɬiɬ, pl kručkabi, genpl kručkabaɬ
куба;kuba;железо;N sg.t.;;
кубалъ;kubaɬ;мотыга;N;;"gen uɬ, pl abi, genpl abaɬ; Ш ʕurus kubaɬ N кирка"
кучел;kučel;левый;Adj;;
кумук;kumuk;помощь;N sg.t.;;
кумек;kumek;помощь;N sg.t.;;
kumuk ǯē+?;kumuk ǯē;помогать;V;;
кункул;kunkul;слива;N;;gen iɬ || aɬ || ɬ, pl abi, genpl abaɬ
кунтӀа;kunt’a;муж;N;;gen šːu=b, pl kunt’urdari, genpl kunt’urdaraɬ
кунтӀа;kunt’a;самец;N;;gen šːu=b, pl kunt’urdari, genpl kunt’urdaraɬ
kunt’ula b=eɬi+?;kunt’ula b=eɬi;выходить замуж;V;;
кус;kus;вид;N;;gen ɬiɬ || aɬ, pl abi, genpl abaɬ
кус;kus;внешность;N;;gen ɬiɬ || aɬ, pl abi, genpl abaɬ
кусакъу=б;kusaq’u=b;некрасивый;Adj;;
кусакъу=б;kusaq’u=b;невидный;Adj;;
кусату=б;kusatu=b;безобразный;Adj;;
кусату=б;kusatu=b;уродливый;Adj;;
кутак;kutak;очень;Adv;;
кутакила;kutakila;очень;Adv;;
кувата=б;kuwata=b;сильный;Adj;;
куᵸй;kũj;баран кастрированный;N;;gen ɬ, pl dari, genpl daraɬ
квагь;kʷah;черпак;N;;gen iɬ, pl ibi || abi, genpl ibaɬ || abaɬ
квагьа;kʷaha;рукавица;N;;gen kʷahiɬ || kʷahaɬ || kohiɬ, pl kʷahibi || kohabi || kohibi, genpl kʷahibaɬ
когьа;koha;рукавица;N;;gen kʷahiɬ || kʷahaɬ || kohiɬ, pl kʷahibi || kohabi || kohibi, genpl kʷahibaɬ
квала;kʷala;подол;N;;gen kʷaliɬ, pl kʷalibi, genpl kʷalibaɬ
квали;kʷali;достать;V;verbIb;
квали;kʷali;найти;V;verbIb;
кванчӀа=б;kʷanč’a=b;светлый;Adj;;
кванчӀа=б;kʷanč’a=b;яркий;Adj;;
кванчӀар;kʷanč’ar;свет;N;;"gen aɬ || ɬ, pl dari || abi, genpl daraɬ || abaɬ; ⮊ ∩ kʷanč’a=b"
кванща;kʷanšːa;нога;N;;gen kʷanšːiɬ || konšːiɬ, pl kʷanšːibi || konšːibi, genpl kʷanšːibaɬ || konšːibaɬ
кванща;kʷanšːa;лапа;N;;gen kʷanšːiɬ || konšːiɬ, pl kʷanšːibi || konšːibi, genpl kʷanšːibaɬ || konšːibaɬ
кванща;kʷanšːa;ножка;N;;gen kʷanšːiɬ || konšːiɬ, pl kʷanšːibi || konšːibi, genpl kʷanšːibaɬ || konšːibaɬ
конща;konšːa;нога;N;;gen kʷanšːiɬ || konšːiɬ, pl kʷanšːibi || konšːibi, genpl kʷanšːibaɬ || konšːibaɬ
конща;konšːa;лапа;N;;gen kʷanšːiɬ || konšːiɬ, pl kʷanšːibi || konšːibi, genpl kʷanšːibaɬ || konšːibaɬ
конща;konšːa;ножка;N;;gen kʷanšːiɬ || konšːiɬ, pl kʷanšːibi || konšːibi, genpl kʷanšːibaɬ || konšːibaɬ
квар;kʷar;нить;N;;gen iɬ, pl abi, genpl abaɬ
квар;kʷar;веревка;N;;gen iɬ, pl abi, genpl abaɬ
кваркьим;kʷarʟ’im;браслет;N;;gen kʷarʟ'amaɬ, pl kʷarʟ'indari, genpl —
кватӀири;kʷat’iri;опаздывать;V;verbIV;
кваххи;kʷaχχi;красть;V;verbIV;
квах̄илъ;kʷaχːiɬ;рукав;N;;gen kʷaχːaɬ || kʷaχːalɬ || kʷaχːilɬ, pl kʷaχːlabi || kʷaχːilabi, genpl abaɬ
ква̄;kʷā;в руках;Adv;;
ква̄;kʷā;на руках;Adv;;
ква̄;kʷā;при себе;Adv;;
кӀабщӀва;k’abš’ʷa;слизь;N sg.t.;;
кӀач;k’ač;тулуп;N;;gen iɬ, pl abi, genpl abaɬ
кӀал;k’al;ущелье;N;;gen iɬ, pl ibi, genpl ibaɬ
кӀанцӀури;k’anc’uri;прыгать;V;verbIV;
кӀантӀа=б;k’ant’a=b;сильный;Adj;;
кӀантӀа=б;k’ant’a=b;работящий;Adj;;
кӀантӀа=б;k’ant’a=b;быстрый;Adj;;
кӀаркӀаре̄;k’ark’arē;вешать;V;verbIII;
кӀаркӀари;k’ark’ari;повисать;V;verbIV;
кӀаркӀари;k’ark’ari;висеть;V;verbIV;
кӀаз;k’az;платок женский;N;;gen iɬ, pl abi, genpl abaɬ
k’oba=w/j+?;k’oba=w/j;брат четвероюродный;N;;gen k’oba=w=šːu=b / k’oba=j=ɬiɬ, pl k’obabdari, genpl k’obabdaralu=b
кӀол;k’ol;линия;N;;gen ɬ, pl abi, genpl abaɬ
кӀол;k’ol;полоса;N;;gen ɬ, pl abi, genpl abaɬ
кӀолчӀа;k’olč’a;ступень каменная;N;;gen ɬ, pl bi, genpl baɬ
кӀунсӀ;k’uns’;щенок;N;;gen aɬ || uɬ, pl a, genpl ēɬ
кӀуруш;k’uruš;пиявка;N;;gen aɬ || uɬ, pl abi, genpl abaɬ
кӀуᵸй;k’ũj;дым;N;;gen ɬ, pl bi, genpl baɬ
кӀуᵸй;k’ũj;почка;N;;gen k’ũjɬ, pl k’uma, genpl k’umēɬ
кӀванкьа;k’ʷanʟ’a;вилы;N;;gen k’ʷanʟ'iɬ || kʷanʟ'aɬ, pl k’ʷanʟ'ibi || kʷanʟ'abi, genpl k’ʷanʟ'ibaɬ || kʷanʟ'abaɬ
кӀва̄;k’ʷā;убивать;V;verbV;
кӀва̄;k’ʷā;вбивать;V;verbV;
кӀва̄;k’ʷā;устанавливать;V;verbV;
ла;la;и;Part;;
ла;la;также;Part;;
ла;la;тоже;Part;;
лага;laga;тело;N;;gen lagiɬ || lagaɬ, pl lagibi, genpl lagibaɬ
лахӀ;laʜ;сажа;N sg.t.;;
лахӀб=ечӀату=б;laʜ-b=eč’atu=b;угольно;Adj;;
лахац;laχac;цепь;N;;gen iɬ, pl abi, genpl abaɬ
лекӀи;lek’i;аварец;N sg.t.;;
лела;lela;кисть руки;N;;gen leluɬ, pl lelibi, genpl lelibaɬ
лелелъ;leleɬ;печень;N;;gen uɬ, pl abi, genpl abaɬ
ли=б=о;li=b=o;из;Postp;;
лъай;ɬaj;знание;N sg.t.;;
лъа̄;ɬā;подметать;V;verbV;
лъе̄;ɬē;сползать;V;verbV;
лъе̄;ɬē;оползать;V;verbV;
лъе̄хъу=б;ɬēqu=b;кривой;Adj;;
лъе̄хъулих;ɬēquliχ;криво;Adv;;
лъе̄хъулих;ɬēquliχ;косо;Adv;;
лъилли;ɬilli;тереть;V;verbIV;
лъилли;ɬilli;сдирать;V;verbIV;
лъилъ;ɬiɬ;масло;N;;gen aɬ, pl ali, genpl alaɬ
лъоре̄;ɬorē;двигать;V;verbIII;
ɬō=b (part)+?;ɬō=b (part);идти;V;;
ɬō=b (part)+?;ɬō=b (part);ехать;V;;
ɬō=b (part)+?;ɬō=b (part);везти;V;;
лъуни;ɬuni;сморкаться;V;verbIV;
лъунка;ɬunka;косуля;N;;gen ɬ, pl ɬunkabi || ɬunkibi, genpl ɬunkibaɬ || ɬunkēɬ
лъукъури;ɬuq’uri;ранить;V;verbIV;
лъе̄;ɬē;есть жидкую пищу;V;verbV;
лъе̄;ɬē;пить;V;verbV;
лъеᵸ;ɬẽ;вода;N sg.t;;
лъеᵸгьаᵸ;ɬẽhã;поливать;V;;
лъе̄нкъу=б;ɬēnq’u=b;маловодный;Adj;;
лъитӀури;ɬit’uri;вздрагивать;V;verbIV;
кьанчӀа;ʟ’anč’a;осленок;N;;gen ʟ'anč’uɬ, pl ʟ'anč’ibi, genpl ʟ'anč’ibaɬ
кьанчӀал;ʟ’anč’al;заяц;N;;gen uɬ || aɬ, pl abi, genpl abaɬ
кьану=б;ʟ’anu=b;полный;Adj;;
кьану=б;ʟ’anu=b;крепкий;Adj;;
кьану=б;ʟ’anu=b;толстый;Adj;;
кьарашаᵸ;ʟ’arašã;портиться;V;verbIIa;
кьарбе̄;ʟ’arbē;ударять;V;;
кьабе̄;ʟ’abē;ударять;V;;
кьа̄;ʟ’ā;доить;V;verbV;
кьебулъах;ʟ’ebuɬaχ;в обед;Adv;;
кьебулъах;ʟ’ebuɬaχ;во время второго намаза;Adv;;
кьекьел;ʟ’eʟ’el;седло;N;;gen ɬ, pl abi, genpl —
кьер;ʟ’er;мост;N;;gen ɬ, pl abi, genpl abaɬ
кьер;ʟ’er;цвет;N;;gen iɬ, pl abi, genpl abaɬ
кьера=б;ʟ’era=b;цветной;Adj;;
кьерер;ʟ’erer;ягненок до года;N;;gen uɬ, pl ʟ'ili, genpl ʟ'ilĩɬ
кьерикъу=б;ʟ’eriq’u=b;слабоокрашенный;Adj;;
кьерикъу=б;ʟ’eriq’u=b;бледный;Adj;;
кьесем;ʟ’esem;бровь;N;;gen ʟ'esenɬ || ʟ'esemɬ, pl ʟ'esemi, genpl ʟ'esemaɬ || ʟ'esemĩɬ
кьесен;ʟ’esen;бровь;N;;gen ʟ'esenɬ || ʟ'esemɬ, pl ʟ'esemi, genpl ʟ'esemaɬ || ʟ'esemĩɬ
кьетӀв;ʟ’et’ʷ;семя фруктов;N;;gen ʟ'et’uɬ, pl abi, genpl abaɬ
кьетӀв;ʟ’et’ʷ;арбуза;N;;gen ʟ'et’uɬ, pl abi, genpl abaɬ
кьетӀв;ʟ’et’ʷ;дыни и т.п.;N;;gen ʟ'et’uɬ, pl abi, genpl abaɬ
кье̄;ʟ’ē;зола;N sg.t.;;
кье̄;ʟ’ē;танцевать;V;verbV;
кьичвара;ʟ’ičʷara;ласточка;N;;gen ɬ, pl bi, genpl baɬ
кьигьаᵸ;ʟ’ihã;засыпать;V;verbIIa;
кьигьаᵸ;ʟ’ihã;спать;V;verbIIa;
кьигьеᵸ;ʟ’ihẽ;усыплять;V;verbIb;
кьигьеᵸ;ʟ’ihẽ;укладывать спать;V;verbIb;
кьилихъан;ʟ’iliqan;корзина плетеная;N;;gen ɬ, pl dari || abi, genpl daraɬ || abaɬ
кьира=б;ʟ’ira=b;хромой;Adj;;
кьитӀитӀири;ʟ’it’it’iri;растрескиваться;V;verbIV;
кьитӀитӀири;ʟ’it’it’iri;покрываться трещинами;V;verbIV;
кьижв;ʟ’ižʷ;оса;N;;gen ʟ'ižuɬ, pl a, genpl ēɬ
кьокъа=б;ʟ’oq’a=b;короткий;Adj;;
кьокъидас;ʟ’oq’idas;короткий;Adj;;
кьор;ʟ’or;скала;N;;gen iɬ, pl abi, genpl abaɬ
кьуᵸй;ʟ’ũj;ость колоса;N sg.t.;;
кьваᵸй;ʟ’ʷãj;ость колоса;N sg.t.;;
кьвагь;ʟ’ʷah;хлопок;N;;gen iɬ, pl ibi, genpl ibaɬ
кьвагь;ʟ’ʷah;выстрел;N;;gen iɬ, pl ibi, genpl ibaɬ
кьвагьре̄;ʟ’ʷahrē;стрелять;V;verbIII;
кьвагьри;ʟ’ʷahri;лопаться;V;verbIV;
кьвагьри;ʟ’ʷahri;взрываться;V;verbIV;
кьвагьри;ʟ’ʷahri;стрелять;V;verbIV;
кьваᵸй;ʟ’ʷãj;ржавчина;N sg.t.;;
кьванх̄у=б;ʟ’ʷanχːu=b;ржавый;Adj;;
кьвариру=б;ʟ’ʷariru=b;храбрый;Adj;;
мачӀ;mač’;ребенок;N;;gen iɬ || ɬiɬ || šːu=b, pl i, genpl alu=b
мачӀиту=б;mač’itu=b;бездетный;Adj;;
мадара=б;madara=b;хороший;Adj;;
махӀачӀу=б;maʜač’u=b;плохой;Adj;;
махӀачӀу=б;maʜač’u=b;неважный;Adj;;
maHHo+?;maHHo;голень;N;;gen maHHoɬ || maHHuɬ, pl bi, genpl baɬ
магӀа;maʕa;слеза;N sg.t;;
магӀарул;maʕarul;аварский;Adj;;
maʕarula=w/j+?;maʕarula=w/j;аварец;N;;"gen maʕarulašːu=b / maʕarulɬiɬ, pl maʕaruldi, genpl maʕaruldaɬ; Ь ⊂ maʕarul"
магӀарухъ;maʕaruq;в горах;Adv;;
магӀишат;maʕišat;хозяйство;N;;gen iɬ, pl abi, genpl abaɬ
магӀна;maʕna;смысл;N;;gen ɬ, pl jabi, genpl jabaɬ
маймалак;majmalak;обезьяна;N;;gen iɬ, pl abi, genpl abaɬ
макала=б;makala=b;голодный;Adj;;
макру;makru;хитрость;N;;gen ɬ, pl makurdari, genpl makurdaraɬ
макӀа;mak’a;место;N;;"gen mak’aɬ || mak’aɬiɬ, pl mak’ibi, genpl mak’ibaɬ; Ш haš’aχ mak’a N пол"
макӀачӀулъи;mak’ač’uɬi;вечером во время четвертого намаза;Adv;;
макӀалъа;mak’aɬa;вместо;Postp;;
ма̄лъа;māɬa;вместо;Postp;;
макьв;maʟ’ʷ;сон;N;;gen maʟ'uɬ, pl abi, genpl abaɬ
малълъи;maɬɬi;учить;V;verbIb;
мамача;mamača;барсук;N;;gen mamačuɬ, pl bi, genpl baɬ
мангиᵸ;mangĩ;деревянный стол;N;;gen mangĩɬ, pl jabi, genpl jabaɬ
мани;mani;сперма;N sg.t.;;
мари;mari;мычать;V;verbIV;
маркӀачӀу=б;mark’ač’u=b;в сумерки;Adv;;
макӀачӀу=б;mak’ač’u=b;в сумерки;Adv;;
маргъал;marʁal;дань;N;;gen aɬ, pl abi, genpl abaɬ
маргъал;marʁal;пошлина;N;;gen aɬ, pl abi, genpl abaɬ
маргъал;marʁal;пуговица;N;;gen aɬ || uɬ || ɬ, pl abi, genpl baɬ
масхъара;masqara;шутка;N;;gen ɬ, pl bi, genpl baɬ
masqara ǯē+?;masqara ǯē;шутить;V;;
масӀала;mas’ala;задача;N;;gen ɬ, pl bi, genpl baɬ
машина;mašina;машина;N;;gen ɬ, pl bi, genpl baɬ
матӀуй;mat’uj;зеркало;N;;gen mat’ujɬ, pl mat’ujabi, genpl mat’ujabaɬ
матӀвиᵸ;mat’ʷĩ;зеркало;N;;gen mat’ujɬ, pl mat’ujabi, genpl mat’ujabaɬ
мавлуд;mawlud;мавлуд;N sg.t.;;
маза;maza;комок;N;;gen maziɬ, pl mazibi, genpl mazibaɬ
маза;maza;горсть теста;N;;gen maziɬ, pl mazibi, genpl mazibaɬ
мазут;mazut;мазут;N sg.t.;;
мажит;mažit;мечеть;N;;gen iɬ, pl abi, genpl abaɬ
мегӀери;meʕeri;блеять;V;verbIV;
мекъа=б;meq’a=b;не;Adj;;
мекъли;meq’li;капризничать;V;verbIb;
мекъли;meq’li;ослушиваться;V;verbIb;
мекъса;meq’sa;неправильно;Adv;;
мекъса;meq’sa;наоборот;Adv;;
мер;mer;буза из проросшей в воде и высушенной пшеницы;N;;gen iɬ || ɬ, pl abi, genpl abaɬ
месер;meser;золото;N sg.t.;;
метра;metra;метр;N sg.t.;;
ме̄;mē;ты;Pron;;
мича;miča;кинжал;N;;gen mičiɬ || mičaɬ, pl mičibi, genpl mičibaɬ
мирча;mirča;кинжал;N;;gen mičiɬ || mičaɬ, pl mičibi, genpl mičibaɬ
мича=б;miča=b;молодой;Adj;;
мичӀа;mič’a;волосяной покров головы;N sg.t.;;
mič’aɬ baʟ’+?;mič’aɬ baʟ’;коса женская;N;;
мигь;mih;солнце;N sg.t.;;
мигь;mih;шерсть овечья;N sg.t.;;
мигьа;miha;лестница каменная;N;;gen ɬ, pl bi, genpl baɬ
мигье̄;mihē;работать;V;verbIII;
мигӀар;miʕar;нос;N;;gen ɬ, pl miʕardari || miʕardi || miʕaddari, genpl daɬ || daraɬ
мигӀмат;miʕmat;фрукт;N;;gen iɬ, pl abi, genpl abaɬ
мигӀмат;miʕmat;овощ;N;;gen iɬ, pl abi, genpl abaɬ
мигӀури;miʕuri;мяукать;V;verbV;
мигӀири;miʕiri;мяукать;V;verbV;
мимаро;mimaro;минарет;N;;gen mimaroɬ || mimaruɬ, pl mimarabi, genpl mimarabaɬ
мимара;mimara;минарет;N;;gen mimaroɬ || mimaruɬ, pl mimarabi, genpl mimarabaɬ
минут;minut;минута;N;;gen iɬ, pl ibi, genpl ibaɬ
михъ;miq;ус;N;;gen uɬ || iɬ, pl abi, genpl abaɬ
микъ;miq’;дорога;N;;gen aɬ, pl ali, genpl alaɬ
мигъ;miʁ;земля пахотная;N sg.t.;;
мигъ;miʁ;место покоса;N sg.t.;;
мигъа;miʁa;хвост;N;;gen miʁaɬ || miʁuɬ, pl li, genpl laɬ
мигъату=б;miʁatu=b;бесхвостый;Adj;;
миса;misa;дом;N;;gen misuɬ, pl misali || misibi, genpl laɬ
миса;misa;комната;N;;gen misuɬ, pl misali || misibi, genpl laɬ
мисӀ;mis’;язык;N;;gen aɬ || iɬ, pl ali || abi || ibi, genpl alaɬ
мисӀ;mis’;сосок вымени;N;;gen aɬ || iɬ, pl ali || abi || ibi, genpl alaɬ
мисӀа=б;mis’a=b;сладкий;Adj;;
мисӀа=б;mis’a=b;вкусный;Adj;;
мищӀ;miš’;крапива старая;N sg.t.;;
михтири;miχtiri;пьянеть;V;verbIV;
михв;miχʷ;плата;N sg.t.;;
мих̄;miχː;треножник железный для приготовления пищи на костре;N;;gen iɬ, pl abi, genpl abaɬ
мих̄;miχː;четки;N;;gen iɬ, pl ali, genpl aliɬ || alaɬ
мижат;mižat;борода;N;;gen mižataɬ, pl mižatabi, genpl mižatabiɬ || mižatabaɬ
муч;muč;ветер;N sg.t.;;
мучер;mučer;тмин;N sg.t.;;
муд;mud;мера объемом ;N;;gen iɬ, pl ali, genpl alaɬ
муд;mud;литра;N;;gen iɬ, pl ali, genpl alaɬ
муга;muga;веретено;N;;gen ɬ, pl bi, genpl baɬ
мугьа;muha;сказка;N;;gen ɬ, pl bi, genpl baɬ
мукагӀат;mukaʕat;польза;N sg.t.;;
мукагӀата=б;mukaʕata=b;полезный;Adj;;
мукӀу=б;muk’u=b;маленький;Adj;;
muk’u=w was+?;muk’u=w was;брат младший;N;;
муса;musa;бык;N;;gen musuɬ || musaɬ, pl musa || musibi || musēbi, genpl musēɬ
муса;musa;вол;N;;gen musuɬ || musaɬ, pl musa || musibi || musēbi, genpl musēɬ
мутӀ;mut’;сук;N;;gen iɬ, pl abi, genpl abaɬ
mut’iʕ b=ija+?;mut’iʕ b=ija;подчиняться;V;;
мутӀигӀа=б;mut’iʕa=b;зависимый;Adj;;
мутӀигӀа=б;mut’iʕa=b;подчиненный;Adj;;
мутӀигӀа=б;mut’iʕa=b;послушный;Adj;;
мутӀигӀли;mut’iʕli;слушаться;V;verbIb;
мутӀигӀли;mut’iʕli;подчиняться;V;verbIb;
мува;muwa;рожь;N sg.t.;;
нагӀасо;naʕaso;носок;N;;gen ɬ, pl naʕasobi || naʕasʷabi, genpl baɬ
наква;nakʷa;клятва;N;;gen ɬ, pl bi, genpl baɬ
налук;naluk;налог;N;;gen iɬ, pl abi, genpl abaɬ
налук;naluk;дань;N;;gen iɬ, pl abi, genpl abaɬ
нани;nani;лизать;V;verbIV;
напакъа;napaq’a;злак съедобный;N;;gen ɬ, pl bi, genpl baɬ
насӀ;nas’;вошь;N;;gen iɬ || uɬ, pl a, genpl ēɬ
наъиб;naʔib;наиб;N;;gen šːu=b, pl dari, genpl daraɬ
нид;nid;послепослезавтра;Adv;;
нигь;nih;грудь;N;;gen uɬ || iɬ, pl abi, genpl abiɬ || abaɬ
нигьв;nihʷ;ноготь;N;;gen nihuɬ, pl abi, genpl abiɬ || abaɬ
никв;nikʷ;колено;N;;gen nikuɬ, pl abi, genpl abiɬ || abaɬ
ниха;niχa;овес;N sg.t.;;
нихва;niχʷa;персик;N sg.t.;;
нижа;niža;пятка;N;;gen nižaɬ || nižuɬ, pl bi, genpl baɬ || biɬ
нуриту=б;nuritu=b;бесполезный;Adj;;
нусийа;nusija;улар;N;;gen nusiɬ, pl nusibi, genpl nusibaɬ
нужера;nužera;жребий;N;;gen ɬ, pl bi, genpl baɬ
о=б;o=b;этот;PronAdj;;
обба;obba;поцелуй;N;;gen obbēɬ, pl obbēbi, genpl obbēbiɬ
obba ǯē+?;obba ǯē;целовать;V;;
obbēbi ǯē+?;obbēbi ǯē;целоваться;V;;
охӀори;oʜori;кашлять;V;verbIV;
огӀори;oʕori;кукарекать;V;verbIV;
б=окьири;b=oʟ’iri;нравиться;V;verbIV;
онги;ongi;там;PronAdv;;
онгири;ongiri;там;PronAdv;;
онгури;onguri;там;PronAdv;;
б=орчӀири;b=orč’iri;ускользать;V;verbIV;
б=орчӀири;b=orč’iri;спасаться;V;verbIV;
б=орчӀири;b=orč’iri;вырываться;V;verbIV;
б=орчӀири;b=orč’iri;выбираться;V;verbIV;
ори;ori;туда;PronAdv;;
осхъил;osqil;огурец;N;;gen ɬ, pl abi, genpl abaɬ
ошта;ošta;так;PronAdv;;
ошта;ošta;потому;PronAdv;;
б=ожа;b=oža;верить;V;verbIIb;
о̄ча;ōča;курица;N;;gen ōčuɬ, pl bi, genpl baɬ
падар;padar;персидский;Adj;;
палас;palas;палас;N;;gen uɬ || iɬ, pl abi, genpl abaɬ
палв;palʷ;пена;N sg.t.;;
папа=б;papa=b;легкий;Adj;;
паракъат;paraq’at;обед;N;;gen iɬ, pl abi, genpl abaɬ
паракъат;paraq’at;отдых;N;;gen iɬ, pl abi, genpl abaɬ
пардир;pardir;молния;N sg.t.;;
партал;partal;собир. вещи;N;;gen ɬ, pl di || abi, genpl daraɬ || abaɬ
паруз;paruz;папироса;N;;gen iɬ, pl abi, genpl abaɬ
паруз;paruz;сигарета;N;;gen iɬ, pl abi, genpl abaɬ
пасажир;pasažir;пассажир;N;;gen šːu=b, pl adi, genpl adilu=b
пасихӀа=б;pasiʜa=b;красноречивый;Adj;;
пасихӀа=б;pasiʜa=b;остроумный;Adj;;
пастӀан;past’an;дыня;N;;gen ɬ, pl abi, genpl abaɬ
пас;pas;край пропасти;N;;gen iɬ, pl abi || ali, genpl abaɬ || alaɬ
пас;pas;склон скалистый;N;;gen iɬ, pl abi || ali, genpl abaɬ || alaɬ
пас;pas;борозда оросительная;N;;gen iɬ, pl abi || ali, genpl abaɬ || alaɬ
паш;paš;медь;N sg.t.;;
пахила=б;paχila=b;скупой;Adj;;
пахила=б;paχila=b;жадный;Adj;;
пера;pera;пчела;N;;gen peruɬ || peraɬ, pl peribi || pera || perēbi, genpl perēɬ
пикру;pikru;мысль;N sg.t.;;
писӀ;pis’;смола;N sg.t.;;
почи;poči;почта;N sg.t.;;
порма;porma;форма;N;;gen ɬiɬ, pl bi, genpl baɬ
порма;porma;вид;N;;gen ɬiɬ, pl bi, genpl baɬ
пост;post;пост;N;;gen iɬ, pl abi, genpl abaɬ
пул;pul;ствол;N;;"gen iɬ, pl abi, genpl abaɬ; Ш heriɬ pul N sg.t. сосуд кровеносный"
пури;puri;дуть;V;verbIV;
пулен;pulen;мех кузнечный;N;;gen ɬ, pl dari, genpl daraɬ
хъабарча;qabarča;тулуп;N;;gen qabarčuɬ || qabačuɬ, pl qabarčabi || qabačabi, genpl qabarčabaɬ || qabačabaɬ
хъабача;qabača;тулуп;N;;gen qabarčuɬ || qabačuɬ, pl qabarčabi || qabačabi, genpl qabarčabaɬ || qabačabaɬ
хъачӀу=б;qač’u=b;блеклый;Adj;;
хъачӀу=б;qač’u=b;полинявший;Adj;;
хъахӀли;qaʜli;рассвет;N sg.t.;;
хъанч;qanč;крест;N;;gen iɬ, pl abi, genpl abaɬ
хъап;qap;мешок;N;;gen iɬ, pl abi, genpl abaɬ
хъаранис;qaranis;паук;N;;gen aɬ, pl abi, genpl abaɬ
хъарахъ;qaraq;куст;N;;gen iɬ, pl abi, genpl abaɬ
хъаравул;qarawul;сторож;N;;gen qarawulšːu=b || qarōlšu=b, pl qarawuldari || qarōldari, genpl qarawuldaraɬ || qarōldaraɬ
хъаро̄л;qarōl;сторож;N;;gen qarawulšːu=b || qarōlšu=b, pl qarawuldari || qarōldari, genpl qarawuldaraɬ || qarōldaraɬ
хъарчигъо;qarčiʁo;сокол;N;;gen qarčiʁoɬ || qarčiʁuɬ, pl qarčiʁobi || qarčiʁabi, genpl qarčiʁobaɬ || qarčiʁabaɬ
хъаре̄;qarē;заставлять плакать;V;verbIII;
хъаре̄;qarē;огорчать;V;verbIII;
хъари;qari;плакать;V;verbIV;
хъартала=б;qartala=b;злодей;N;;gen qartalašu=b, pl qartalabi, genpl qartalabaɬ
хъасири;qasiri;тесать;V;verbIV;
хъасири;qasiri;строгать;V;verbIV;
хъасири;qasiri;чесать;V;verbIV;
хъатв;qatʷ;горсть одной руки;N;;gen qatuɬ, pl abi, genpl abaɬ
хъазахъ;qazaq;казак;N;;gen šːu=b, pl adi, genpl adilu=b
хъазахъ;qazaq;пленник;N;;gen šːu=b, pl adi, genpl adilu=b
хъазахъ;qazaq;раб;N;;gen šːu=b, pl adi, genpl adilu=b
хъа̄;qā;причесывать;V;verbV;
хъа̄лу=б;qālu=b;сизый;Adj;;
хъа̄лу=б;qālu=b;серый;Adj;;
хъа̄лъ;qāɬ;синий;Adj;;
хъа̄лъ;qāɬ;голубой;Adj;;
хъибе̄;qibē;рвать;V;verbIII;
хъини;qini;ломать;V;verbIV;
хъини;qini;разбивать;V;verbIV;
хъихъвани;qiqʷani;пилить;V;verbIV;
хъихъвано;qiqʷano;пила;N;;"gen ɬ, pl bi, genpl baɬ; ⮊ Ç qiqʷani"
хъирди;qirdi;рваться;V;;
хъибди;qibdi;рваться;V;;
хъидди;qiddi;рваться;V;;
хъизан;qizan;семья;N;;gen ɬ, pl abi, genpl abaɬ
хъизан;qizan;жена и дети;N;;gen ɬ, pl abi, genpl abaɬ
хъоча;qoča;шкура овечья;N;;gen qočiɬ, pl qočibi, genpl qočibaɬ
хъу=б;qu=b;грязный;Adj;;
хъвани;qʷani;жалеть;V;verbIb;
хъони;qoni;жалеть;V;verbIb;
хъвантӀа;qʷant’a;метла;N;;gen qʷant’iɬ, pl qʷant’ibi, genpl qʷant’ibaɬ
хъвар;qʷar;тропинка;N;;gen ɬ, pl dari, genpl daraɬ
хъвасар;qʷasar;спасение;N sg.t.;;
хъосар;qosar;спасение;N sg.t.;;
хъва̄;qʷā;писать;V;verbV;
къабара;q’abara;бревно;N;;gen q’abarorɬ || q’abaraɬ, pl q’abardari || q’abardi, genpl q’abardaraɬ
къабара;q’abara;заготовки для поленьев;N;;gen q’abarorɬ || q’abaraɬ, pl q’abardari || q’abardi, genpl q’abardaraɬ
q’abul ǯē+?;q’abul ǯē;принимать;V;;
къацандири;q’acandiri;спорить;V;verbIV;
къацандири;q’acandiri;соперничать;V;verbIV;
къацандири;q’acandiri;соревноваться;V;verbIV;
къачагъ;q’ačaʁ;бандит;N;;gen šːu=b, pl abi, genpl adilu=b
къачагъ;q’ačaʁ;вор;N;;gen šːu=b, pl abi, genpl adilu=b
къагӀида;q’aʕida;способ;N sg.t.;;
къама;q’ama;гребень петушиный;N;;gen q’amaɬ || q’amiɬ, pl bi, genpl baɬ
къанча;q’anča;грива;N;;gen q’ančiɬ, pl q’ančibi, genpl q’ančibaɬ
къани;q’ani;хлеб;N sg.t.;;
къани;q’ani;мучная пища;N sg.t.;;
къани;q’ani;кушать;V;verbIV;
къани;q’ani;есть;V;verbIV;
къакъатӀу=б;q’aq’at’u=b;твердый;Adj;;
къар;q’ar;время;N sg.t.;;
къар;q’ar;раз;N sg.t.;;
къар;q’ar;возраст;N sg.t.;;
къара;q’ara;грязь на руках;N sg.t.;;
къара;q’ara;заскорузлость;N sg.t.;;
къаркъала;q’arq’ala;тело;N;;gen q’arq’alaɬ || q’arq’aluɬ, pl bi, genpl biɬ || baɬ
къасану=б;q’asanu=b;пестрый;Adj;;
къатӀал;q’at’al;мяч;N;;gen ɬ, pl dari, genpl daraɬ
къатӀал;q’at’al;пуля;N;;gen ɬ, pl dari, genpl daraɬ
къатӀра;q’at’ra;капля;N;;gen ɬ, pl bi, genpl baɬ
къажар;q’ažar;азербайджанский;Adj;;
къа̄;q’ā;вещь;N sg.t.;;
къа̄;q’ā;строение на хуторе;N;;gen ɬ, pl bi, genpl baɬ
къа̄;q’ā;времянка;N;;gen ɬ, pl bi, genpl baɬ
къа̄;q’ā;дом;N;;gen ɬ, pl bi, genpl baɬ
къа̄ре̄;q’ārē;приводить в порядок;V;verbIII;
къа̄ре̄;q’ārē;ремонтировать;V;verbIII;
къа̄ри;q’āri;наряжаться;V;verbIV;
къечӀв;q’eč’ʷ;лепешка хлебная;N;;gen q’eč’uɬ, pl abi, genpl abaɬ
къегьен;q’ehen;мешок;N;;gen ɬ, pl q’ehemi, genpl q’ehemaɬ
къер;q’er;пшеница озимая;N sg.t.;;
къерди;q’erdi;стричь;V;;
къедди;q’eddi;стричь;V;;
къеркьери;q’erʟ’eri;бороться;V;verbIV;
къеркьери;q’erʟ’eri;добиваться;V;verbIV;
къеркьери;q’erʟ’eri;стараться;V;verbIV;
къета;q’eta;обрыв;N sg.t.;;
къетӀен;q’et’en;сажа;N sg.t.;;
къе̄;q’ē;переставать;V;verbV;
къе̄ри;q’ēri;теряться;V;verbIV;
къимат;q’imat;оценка;N;;gen iɬ, pl abi, genpl abaɬ
q’imat ǯē+?;q’imat ǯē;уважать;V;;
къин;q’in;лето;N sg.t.;;
къин;q’in;стена;N;;gen aɬ, pl abi, genpl abaɬ
къина=б;q’ina=b;летний;Adj;;
къина̄;q’inā;летом;Adv;;
къини;q’ini;шить;V;verbIV;
къирикъвара;q’iriq’ʷara;журавль;N;;gen ɬ, pl q’iriq’ʷara, genpl q’iriq’ʷarēɬ
къиркъире̄;q’irq’irē;скрипеть;V;verbIII;
къиркъири;q’irq’iri;скрипеть;V;verbIV;
къитӀа;q’it’a;близнец;N;;gen ɬ, pl q’it’ibi || q’it’abi, genpl q’it’ibaɬ
къоб;q’ob;сошник;N;;gen iɬ, pl abi || a, genpl abaɬ || ēɬ
къочаᵸ;q’očã;хотеть;V;verbIIa;
къочаᵸ;q’očã;любить;V;verbIIa;
къойда;q’ojda;покой;N sg.t.;;
къол;q’ol;коренья круглой формы;N;;"gen iɬ, pl abi, genpl abaɬ; Ш ʕurus q’ol N картофель"
къол;q’ol;сладковатые на вкус;N;;"gen iɬ, pl abi, genpl abaɬ; Ш ʕurus q’ol N картофель"
къолабах̄у=б;q’olabaχːu=b;полосатый;Adj;;
къор;q’or;подвал;N;;gen iɬ, pl abi, genpl abaɬ
къорме̄;q’ormē;источник воды в селении;N;;gen q’ormĩɬ, pl jabi, genpl jabaɬ
q’orola=w/j+?;q’orola=w/j;вдовец;N;;gen q’orola=w=šːu=b / q’orola=j=ɬiɬ, pl q’orolzabi, genpl q’orolzabaɬ
q’orola=w/j+?;q’orola=w/j;разведенный мужчина;N;;gen q’orola=w=šːu=b / q’orola=j=ɬiɬ, pl q’orolzabi, genpl q’orolzabaɬ
къорон;q’oron;коран;N sg.t.;;
къоркъ;q’orq’;лягушка;N;;gen uɬ, pl a, genpl ēɬ
къошта;q’ošta;сноп травы малый;N;;gen q’oštiɬ, pl q’oštibi, genpl q’oštibaɬ
къощта;q’ošːta;табурет;N;;gen q’ošːtiɬ, pl q’ošːtibi, genpl q’ošːtibaɬ
къощта;q’ošːta;стул;N;;gen q’ošːtiɬ, pl q’ošːtibi, genpl q’ošːtibaɬ
къоти;q’oti;договор;N;;gen q’otiɬ, pl q’otabi || q’otijabi, genpl q’otabaɬ
къоти;q’oti;соглашение;N;;gen q’otiɬ, pl q’otabi || q’otijabi, genpl q’otabaɬ
къвати;q’ʷati;договор;N;;gen q’otiɬ, pl q’otabi || q’otijabi, genpl q’otabaɬ
къвати;q’ʷati;соглашение;N;;gen q’otiɬ, pl q’otabi || q’otijabi, genpl q’otabaɬ
q’oti ǯē+?;q’oti ǯē;договариваться;V;;
къотӀу=б;q’ot’u=b;глубокий;Adj;;
къотӀулъа̄;q’ot’uɬā;глубоко;Adv;;
къотӀулъа̄;q’ot’uɬā;в глубину;Adv;;
къучӀа;q’uč’a;влагалище ребенка;N;;gen q’uč’iɬ || q’uč’aɬ, pl q’uč’ibi, genpl q’uč’ibaɬ
къула;q’ula;туша;N;;gen q’uliɬ || q’ulaɬ, pl q’ulibi, genpl q’ulibaɬ
къункъа;q’unq’a;кадык;N;;gen q’unq’uɬ || q’unq’aɬ, pl q’unq’ubi || q’unq’ibi, genpl q’unq’ubaɬ || q’unq’ibaɬ
къункъа;q’unq’a;голенище сапога;N;;gen q’unq’uɬ || q’unq’aɬ, pl q’unq’ubi || q’unq’ibi, genpl q’unq’ubaɬ || q’unq’ibaɬ
къвалх̄алат;q’ʷalχːalat;тулуп;N sg.t.;;
къванкьиби;q’ʷanʟ’ibi;ножницы,;N pl.t.;;
къвара=б;q’ʷara=b;тесный;Adj;;
къора=б;q’ora=b;тесный;Adj;;
къварали;q’ʷarali;горевать;V;verbIb;
къварди;q’ʷardi;грызть;V;;
къвабди;q’ʷabdi;грызть;V;;
къвадди;q’ʷaddi;грызть;V;;
къварди;q’ʷardi;падать;V;;
къварди;q’ʷardi;валиться;V;;
къварди;q’ʷardi;переворачиваться;V;;
къварди;q’ʷardi;кувыркаться;V;;
къвабди;q’ʷabdi;падать;V;;
къвабди;q’ʷabdi;валиться;V;;
къвабди;q’ʷabdi;переворачиваться;V;;
къвабди;q’ʷabdi;кувыркаться;V;;
къвадди;q’ʷaddi;падать;V;;
къвадди;q’ʷaddi;валиться;V;;
къвадди;q’ʷaddi;переворачиваться;V;;
къвадди;q’ʷaddi;кувыркаться;V;;
къваре̄;q’ʷarē;валить;V;verbV;
къваре̄;q’ʷarē;переворачивать;V;verbV;
къвабе̄;q’ʷabē;валить;V;verbV;
къвабе̄;q’ʷabē;переворачивать;V;verbV;
къвари;q’ʷari;каркать;V;verbIV;
къватӀ;q’ʷat’;улица закрытая;N sg.t.;;
къотӀ;q’ot’;улица закрытая;N sg.t.;;
къважали;q’ʷažali;гнуться;V;verbIb;
къваже̄;q’ʷažē;гнуть;V;verbIII;
рацӀал;rac’al;сустав;N;;gen ɬ, pl di || dari || abi, genpl daraɬ || abaɬ
рачвал;račʷal;пояс;N;;gen ɬ, pl abi, genpl abaɬ
радиъо;radiʔo;радио;N;;gen ɬ, pl bi, genpl baɬ
рагьалъи;rahaɬi;утром;Adv;;
рагьалъи;rahaɬi;на рассвете;Adv;;
рагьалъи;rahaɬi;время первого намаза;Adv;;
рагьатлъир;rahatɬir;для;Postp;;
ра̄лъир;rāɬir;для;Postp;;
рагӀи;raʕi;слово;N;;gen ɬ, pl raʕabi, genpl raʕabaɬ
ракь;raʟ’;кость;N;;gen iɬ, pl abi, genpl abaɬ || ēɬ
ракь;raʟ’;косточка плода;N;;gen iɬ, pl abi, genpl abaɬ || ēɬ
ракьрегьалъа;raʟ’rehaɬa;в полночь;Adv;;
ракъаᵸ;raq’ã;закрывать;V;verbIIa;
ракъеᵸ;raq’ẽ;расставлять по порядку;V;verbIb;
ракъеᵸ;raq’ẽ;вставлять в проем;V;verbIb;
ракъиᵸ;raq’ĩ;соглашаться;V;verbIb;
ракъиᵸ;raq’ĩ;мириться;V;verbIb;
ракъва;raq’ʷa;сердце;N;;gen raq’ʷaɬ || raq’uɬ, pl raq’ʷabi || raq’ʷibi, genpl baɬ
raq’ʷa hō=b+?;raq’ʷa hō=b;добрый;Adj;;
raq’ʷa qu=b+?;raq’ʷa qu=b;плохой;Adj;;
raq’ʷa qu=b+?;raq’ʷa qu=b;бесчестный;Adj;;
raq’ʷa q’ʷara=b+?;raq’ʷa q’ʷara=b;печальный;Adj;;
raq’ʷa q’ʷarali+?;raq’ʷa q’ʷarali;горевать;V;;
raq’ʷa q’ʷarē+?;raq’ʷa q’ʷarē;огорчать;V;;
raq’ʷa t’ā=b+?;raq’ʷa t’ā=b;веселый;Adj;;
raq’ʷalā b=ā+?;raq’ʷalā b=ā;вспоминать;V;;
raq’ʷaɬi ek’ʷa+?;raq’ʷaɬi ek’ʷa;помнить;V;;
рагъ;raʁ;война;N;;gen iɬ, pl abi, genpl abaɬ
рагъ;raʁ;сражение;N;;gen iɬ, pl abi, genpl abaɬ
рагъири;raʁiri;бороться;V;verbIV;
рагъири;raʁiri;драться;V;verbIV;
ращӀ;raš’;веревка;N;;gen iɬ, pl abi, genpl abaɬ
рахв;raχʷ;мера объемом пять;N;;gen raχχuɬ, pl raχχʷabi, genpl raχχʷabaɬ
рах̄ир;raχːir;понос;N sg.t.;;
рази;razi;доволен;Adj;;
разийа=б;razija=b;доволен;Adj;;
разилли;razilli;соглашаться;V;verbIb;
раж;raž;чеснок;N sg.t.;;
реб;reb;весна;N sg.t.;;
реба;reba;весной;Adv;;
регьа;reha;море;N;;gen ɬ, pl bi, genpl baɬ
регьа;reha;источник;N;;gen ɬ, pl bi, genpl baɬ
регьа;reha;ночь;N;;"gen ɬ, pl bi, genpl baɬ;"
регьаб;rehab;ягненок старше одного года;N;;gen ɬ, pl dari, genpl daraɬ
регьала;rehala;ночью;Adv;;
регьала;rehala;начиная с полуночи;Adv;;
регьеб;reheb;ножны;N;;gen ɬ, pl dari, genpl daraɬ
регьерах;reheraχ;вечером;Adv;;
регьери;reheri;ночью;Adv;;
регьери;reheri;от захода до восхода солнца;Adv;;
рекун;rekun;нитка;N sg.t.;;
rekun ǯē+?;rekun ǯē;прясть;V;;
рекӀул;rek’ul;ключ;N;;gen ɬ, pl dari, genpl daraɬ
рекӀваᵸ;rek’ʷã;садиться;V;verbIIb;
рекӀваᵸ;rek’ʷã;садиться верхом;V;verbIIb;
рекӀвеᵸ;rek’ʷẽ;сажать;V;verbIb;
рекьем;reʟ’em;пядь большая;N;;gen ɬ, pl i || di || dari, genpl iɬ || diɬ || daraɬ || dariɬ
рекьв;reʟ’ʷ;куница;N;;gen reʟ'uɬ, pl reʟ’ʷabi || reʟ'abi, genpl reʟ’ʷabaɬ || reʟ'abaɬ
рекь;reʟ’;куница;N;;gen reʟ'uɬ, pl reʟ’ʷabi || reʟ'abi, genpl reʟ’ʷabaɬ || reʟ'abaɬ
рехъин;reqin;борозда;N;;gen reqanɬ, pl abi, genpl abaɬ
рекъелъ;req’eɬ;спина;N sg.t.;;
регъил;reʁil;бедро;N;;gen reʁalɬ, pl reʁaldi || reʁaldari || reʁidari, genpl reʁaldaraɬ || reʁaldariɬ
регъири;reʁiri;провожать;V;verbIV;
рес;res;возможность;N sg.t.;;
рес;res;моль;N sg.t.;;
res raq’ĩ+?;res raq’ĩ;существовать;V;;
ресӀ;res’;гной;N sg.t.;;
ресел;resel;горло;N;;gen ɬ, pl di || abi, genpl diɬ || abaɬ
ресекъункъа;reseq’unq’a;гортань;N sg.t.;;
реш;reš;земля под сенокос;N;;gen aɬ, pl abi, genpl abaɬ
решату=б;rešatu=b;некрасивый;Adj;;
решату=б;rešatu=b;безобразный;Adj;;
решен;rešen;небо;N sg.t.;;
решен;rešen;год;N;;gen ɬ, pl rešemi, genpl rešemĩɬ
рещӀа;reš’a;корыто для пищи для скота;N;;gen reš’iɬ || reš’uɬ, pl reš’ibi, genpl reš’ibaɬ
рещӀи;reš’i;бросать;V;verbIb;
рещӀи;reš’i;кидать;V;verbIb;
рещ;rešː;край;N;;gen iɬ || aɬ, pl abi, genpl abaɬ
ретӀена;ret’ena;ягненок от шести месяцев до одного года;N;;gen ret’enuɬ, pl ret’eni, genpl ret’enĩɬ
ригьа;riha;овцематка;N;;gen rihuɬ, pl rihi, genpl rihĩɬ
рикал;rikal;козел некастрированный старше одного года;N;;gen rikalaɬ || rikalɬ, pl abi, genpl abaɬ || dariɬ
рикь;riʟ’;мясо;N sg.t.;;
рикьаллаби;riʟ’allabi;группы;N pl.t.;;
ривар;riwar;отара;N;;gen ɬ, pl dari, genpl daraɬ
рижв;rižʷ;ремень;N;;gen rižuɬ || rižʷaɬ, pl abi, genpl abaɬ
рокьом;roʟ’om;войлок;N;;gen roʟ'omɬ, pl roʟ'ondari, genpl roʟ'ondaraɬ
рокьон;roʟ’on;войлок;N;;gen roʟ'omɬ, pl roʟ'ondari, genpl roʟ'ondaraɬ
roʟ’omɬ butuna+?;roʟ’omɬ butuna;бурка;N;;
рос;ros;зад;N;;gen aɬ, pl abi, genpl abaɬ
rosa(ɬ) kart’+?;rosa(ɬ) kart’;заднепроходное отверстие;N;;
роша;roša;дерево;N;;gen rošiɬ, pl rošibi, genpl rošibaɬ
рошибах̄у=б;rošibaχːu=b;лесистый;Adj;;
рох;roχ;лес;N;;gen uɬ, pl abi, genpl abaɬ
ручка;ručka;ручка;N;;gen ručkiɬ || ručkaɬ, pl abi, genpl baɬ
ругьаᵸ;ruhã;открывать;V;verbIIb;
ругьун;ruhun;послание устное;N;;"gen ɬ, pl dari, genpl daraɬ;"
ругьун;ruhun;наставление;N;;"gen ɬ, pl dari, genpl daraɬ;"
ruhun ǯē+?;ruhun ǯē;учить;V;;
ruhun ǯē+?;ruhun ǯē;приучать;V;;
ругьунли;ruhunli;привыкать;N;;"gen rāχ, pl ā, genpl ⇔ || be; ⮊ ⊂ ruhun"
ругьунли;ruhunli;приучаться;N;;"gen rāχ, pl ā, genpl ⇔ || be; ⮊ ⊂ ruhun"
рукь;ruʟ’;ярмо;N;;gen uɬ, pl abi, genpl abaɬ
рущӀ;ruš’;пещера;N;;gen iɬ || aɬ, pl abi, genpl abaɬ
рузма;ruzma;молитва пятничная;N;;gen ɬ, pl bi, genpl baɬ
гъаб;ʁab;ветка;N;;gen ɬiɬ, pl a, genpl ēɬ
гъабе̄;ʁabē;царапать;V;verbIII;
гъаби;ʁabi;к;Postp;;
гъаби;ʁabi;же;Part;;
гъаби;ʁabi;так как;Part;;
гъабо̄;ʁabō;может быть;Part;;
гъацӀа;ʁac’a;кузнечик;N;;gen ʁac’uɬ, pl ʁac’ibi || ʁac’abi, genpl ʁac’ēɬ
гъачу=б;ʁaču=b;кроме;Part;;
гъачу=б;ʁaču=b;только;Part;;
гъай;ʁaj;фундамент;N;;gen ʁajɬ || ʁāɬ, pl ʁābi, genpl ʁābaɬ
гъала;ʁala;олово;N sg.t.;;
гъалбацӀ;ʁalbac’;лев;N;;gen iɬ, pl abi, genpl abaɬ
гъалла;ʁalla;хлев;N sg.t.;;
гъаллибур;ʁallibur;седло гужевое;N;;gen aɬ, pl dari, genpl daraɬ
гъалмагъар;ʁalmaʁar;ссора;N sg.t.;;
гъалмагъар;ʁalmaʁar;скандал;N sg.t.;;
гъалмагъар;ʁalmaʁar;драка;N sg.t.;;
гъан;ʁan;хлеб;N sg.t.;;
гъандв;ʁandʷ;ворона;N;;gen ʁanduɬ, pl a, genpl ēɬ
гъанкъире̄;ʁanq’irē;душить;V;verbIII;
гъанкъире̄;ʁanq’irē;топить;V;verbIII;
гъарам;ʁaram;шерсть овечья весенняя;N sg.t.;;
гъарди;ʁardi;грызть;V;verbIV;
гъарди;ʁardi;скрестись;V;;
гъабди;ʁabdi;скрестись;V;;
гъадди;ʁaddi;скрестись;V;;
гъагъа;ʁaʁa;куропатка;N;;gen ʁaʁuɬ, pl ʁaʁibi || ʁaʁa, genpl ʁaʁibaɬ || ʁaʁēɬ
гъас;ʁas;шкура крупнокопытного;N;;gen ʁassuɬ || ʁassiɬ, pl ʁassabi, genpl ʁassabaɬ
гъас;ʁas;облепиха;N sg.t.;;
гъасо̄;ʁasō;ведь;Part;;
гъасо̄;ʁasō;не так ли;Part;;
гъатӀа;ʁat’a;пенис;N;;gen ʁat’uɬ, pl ʁat’ibi, genpl ʁat’ibaɬ
ʁažuɬ s’unč’al+?;ʁažuɬ s’unč’al;локоть;N;;"gen iɬ || ɬiɬ, pl abi, genpl abaɬ; Ь ⊂ ʁažʷ ’рука’"
гъажв;ʁažʷ;рука;N;;gen ʁažuɬ, pl abi, genpl abiɬ || abaɬ
гъецӀв;ʁec’ʷ;щипцы для углей;N;;gen ʁec’uɬ, pl abi, genpl abaɬ
гъерв;ʁerʷ;ложка деревянная;N;;gen ʁeruɬ, pl ʁerʷabi, genpl ʁerʷabaɬ
гъер;ʁer;ложка деревянная;N;;gen ʁeruɬ, pl ʁerʷabi, genpl ʁerʷabaɬ
гъеж;ʁež;балка;N;;gen uɬ, pl i, genpl шɬ
гъеж;ʁež;бревно;N;;gen uɬ, pl i, genpl шɬ
гъе̄;ʁē;разве;Part;;
гъине̄;ʁinē;толкать;V;verbIII;
гъини;ʁini;лезть;V;verbIV;
гъини;ʁini;пролезать;V;verbIV;
гъоншше̄;ʁonššē;душить;V;verbIII;
гъоншши;ʁonšši;задыхаться;V;verbIb;
гъорцӀон;ʁorc’on;мул;N;;gen ɬ, pl dari, genpl daraɬ
гъори;ʁori;греметь;V;verbIV;
гъуди;ʁudi;рычать;V;verbIV;
гъула;ʁula;хоть;Part;;
гъула;ʁula;хотя бы;Part;;
гъула;ʁula;по крайней мере;Part;;
гъун;ʁun;куча;N;;gen iɬ, pl abi, genpl abaɬ
гъункири;ʁunkiri;сплачиваться;V;verbIV;
гъунгъач;ʁunʁač;желудок;N;;gen uɬ, pl abi, genpl abaɬ || abiɬ
гъунгъв;ʁunʁʷ;голубь;N;;gen ʁunʁuɬ, pl ʁunʁa || ʁunʁebi, genpl ʁunʁēɬ
гъунгъ;ʁunʁ;голубь;N;;gen ʁunʁuɬ, pl ʁunʁa || ʁunʁebi, genpl ʁunʁēɬ
гъурди;ʁurdi;разламывать;V;;
гъудди;ʁuddi;разламывать;V;;
гъуруш;ʁuruš;рубль;N;;gen uɬ, pl abi, genpl abaɬ
гъугъун;ʁuʁun;раствор земляной для обмазки стен;N sg.t.;;
гъвакь;ʁʷaʟ’;подмышка;N;;gen iɬ, pl abi || ibi, genpl abaɬ
гъвакьи;ʁʷaʟ’i;подмышкой;Adv;;
гъвалчӀа;ʁʷalč’a;олень;N;;gen ʁʷalč’uɬ, pl ʁʷalč’ibi, genpl ʁʷalč’ibaɬ
гъванди;ʁʷandi;догонять;V;;
гъонди;ʁondi;догонять;V;;
гъванша;ʁʷanša;затылок;N sg.t.;;
гъванша;ʁʷanša;загривок;N sg.t.;;
гъвану=б;ʁʷanu=b;густой;Adj;;
гъваргъвар;ʁʷarʁʷar;шум;N sg.t.;;
гъварза;ʁʷarza;одежда;N;;gen ʁʷarziɬ, pl ʁʷarza, genpl ʁʷarzēɬ
гъорза;ʁorza;одежда;N;;gen ʁʷarziɬ, pl ʁʷarza, genpl ʁʷarzēɬ
гъварзикъу=б;ʁʷarziq’u=b;плохо одетый;Adj;;
сабалли;saballi;становиться причиной;V;verbIb;
сабалли=б=о;saballi=b=o;благодаря;Postp;;
сабалли;saballi;благодаря;Postp;;
сагӀат;saʕat;час;N;;gen iɬ, pl abi, genpl abaɬ
сагӀат;saʕat;часы;N;;gen iɬ, pl abi, genpl abaɬ
сай;saj;послезавтра;Adv;;
сал;sal;зуб передний;N;;gen uɬ, pl abi, genpl abaɬ
салам;salam;привет;N;;gen iɬ, pl abi, genpl abaɬ
салам;salam;приветствие;N;;gen iɬ, pl abi, genpl abaɬ
саламата=б;salamata=b;нормальный;Adj;;
салли;salli;кусать;V;verbIV;
сан;san;барбарис;N sg.t.;;
санагӀат;sanaʕat;возможность;N sg.t.;;
санагӀат;sanaʕat;пригодность;N sg.t.;;
санагӀата=б;sanaʕata=b;удобный;Adj;;
сангут;sangut;сундук;N;;gen iɬ, pl abi, genpl abaɬ
сангут;sangut;шка;N;;gen iɬ, pl abi, genpl abaɬ
сани;sani;вместе;Adv;;
санили;sanili;объединяться;V;verbIb;
сар;sar;лисица;N;;gen aɬ, pl abi, genpl abaɬ || ebaɬ
саревнава̄нийа;sarewnawānija;соревнование;N;;gen ɬiɬ || ɬ, pl bi, genpl baɬ
сагъа=б;saʁa=b;здор;Adj;;
сагъле̄;saʁlē;лечить;V;verbIII;
сагъле̄;saʁlē;вылечивать;V;verbIII;
сагъли;saʁli;выздоравливать;V;verbIb;
селух̄у=б;seluχːu=b;песчаный;Adj;;
селв;selʷ;песок;N;;gen seluɬ || seliɬ, pl selʷa || selabi, genpl seʟ’ʷabaɬ || seʟ'abaɬ
сел;sel;песок;N;;gen seluɬ || seliɬ, pl selʷa || selabi, genpl seʟ’ʷabaɬ || seʟ'abaɬ
сим;sim;губа;N;;gen iɬ || ɬ, pl abi, genpl abiɬ || abaɬ
сиᵸ;sĩ;медведь;N;;gen ɬ, pl bi, genpl baɬ
сол;sol;черемша;N sg.t.;;
сотих;sotiχ;сотка;N;;gen iɬ, pl abi, genpl abaɬ
сухӀмат;suʜmat;праздник;N;;gen iɬ, pl abi, genpl abā
сугӀал;suʕal;вопрос;N;;gen ɬ, pl abi, genpl abaɬ
сурат;surat;картина;N;;gen iɬ, pl abi, genpl abaɬ
сурат;surat;фотография;N;;gen iɬ, pl abi, genpl abaɬ
сурмейа=б;surmeja=b;фиолетовый;Adj;;
сурмийа=б;surmija=b;фиолетовый;Adj;;
сусукӀ;susuk’;сито;N;;gen iɬ, pl abi, genpl abaɬ
сусукӀу;susuk’u;просеивать;V;verbIV;
сӀай;s’aj;дождь;N sg.t.;;
сӀайли;s’ajli;учиться;V;verbIV;
сӀана;s’ana;растение колючее;N;;gen s’aniɬ, pl s’anibi, genpl s’anibaɬ
сӀана;s’ana;шип;N;;gen s’aniɬ, pl s’anibi, genpl s’anibaɬ
сӀантӀура;s’ant’ura;тарелка;N;;gen ɬ, pl s’ant’urdari || s’ant’urabi, genpl s’anturdaraɬ
сӀантӀура;s’ant’ura;миска;N;;gen ɬ, pl s’ant’urdari || s’ant’urabi, genpl s’anturdaraɬ
сӀаᵸй;s’ãj;соль;N sg.t.;;
сӀа̄;s’ā;пить;V;verbV;
s’e=w/j+?;s’e=w/j;гость;N;;gen s’e=w=šːu=b/s’e=j=ɬiɬ, pl s’ebali, genpl s’ebalilu=b
сӀекӀер;s’ek’er;козленок;N;;gen uɬ || iɬ, pl s’ek’i || s’ek’erabi, genpl s’ek’ĩɬ || s’ekerabaɬ
сӀелли;s’elli;принимать гостей;V;verbIb;
сӀенелъ;s’eneɬ;коза;N;;gen uɬ, pl s’eni, genpl s’enĩɬ || s’enēɬ
сӀени;s’eni;охранять;V;verbIV;
сӀер;s’er;молозиво;N sg.t.;;
сӀер;s’er;имя;N;;gen iɬ, pl abi, genpl abaɬ
s’er b=eɬi+?;s’er b=eɬi;славиться;V;;
сӀикӀа;s’ik’a;ступня;N;;gen s’ik’uɬ || c’ik’uɬ, pl s’ik’abi || c’ik’abi, genpl s’ik’abiɬ || s’ik’abaɬ || s’ik’ēɬ || c’ik’abaɬ
цӀикӀа;c’ik’a;ступня;N;;gen s’ik’uɬ || c’ik’uɬ, pl s’ik’abi || c’ik’abi, genpl s’ik’abiɬ || s’ik’abaɬ || s’ik’ēɬ || c’ik’abaɬ
сӀикӀири;s’ik’iri;увеличиваться;V;verbIV;
сӀикӀири;s’ik’iri;возрастать числом;V;verbIV;
сӀинкӀу=б;s’ink’u=b;кислый;Adj;;
сӀинту=б;s’intu=b;несоленый;Adj;;
сӀинту=б;s’intu=b;пресный;Adj;;
сӀисӀини;s’is’ini;чесаться;V;verbIV;
сӀисӀини;s’is’ini;зудеть;V;verbIV;
сӀиᵸгьаᵸ=б;s’ĩhã=b;соленый;Adj;;
сӀоб;s’ob;искра;N;;gen s’ʷabɬiɬ, pl s’oba, genpl s’obēɬ
сӀваб;s’ʷab;искра;N;;gen s’ʷabɬiɬ, pl s’oba, genpl s’obēɬ
сӀок;s’ok;шкура козья;N;;gen uɬ || iɬ, pl abi, genpl abiɬ || abaɬ
сӀоролу=б;s’orolu=b;хитрый;Adj;;
сӀоролу=б;s’orolu=b;умный;Adj;;
сӀотӀ;s’ot’;угол;N;;gen aɬ, pl abi, genpl abaɬ
сӀуне̄;s’unē;кормить;V;verbIII;
сӀуни;s’uni;сосать;V;verbIV;
сӀухъу;s’uqu;обыскивать;V;verbIa;
сӀуᵸй;s’ũj;камыш;N sg.t.;;
сӀуᵸй;s’ũj;орел;N;;gen ɬ, pl bi, genpl baɬ
сӀуᵸй;s’ũj;пупок;N;;gen ɬ, pl s’ũjbi || s’ũjabi || s’ũbi, genpl biɬ || baɬ || abaɬ || abiɬ
сӀуᵸй;s’ũj;пищевод;N;;gen ɬ, pl s’ũjbi || s’ũjabi || s’ũbi, genpl biɬ || baɬ || abaɬ || abiɬ
сӀвара;s’ʷara;звезда;N;;gen s’ʷariɬ, pl s’ʷaribi, genpl s’ʷaribaɬ
сӀора;s’ora;звезда;N;;gen s’ʷariɬ, pl s’ʷaribi, genpl s’ʷaribaɬ
сӀварибах̄у=б;s’ʷaribaχːu=b;звездный;Adj;;
сӀорибах̄у=б;s’oribaχːu=b;звездный;Adj;;
сагьа;saha;в прошлом году;Adv;;
сахӀ;saʜ;мера объемом два;N;;gen iɬ, pl ali, genpl alaɬ
сайгъат;sajʁat;подарок;N;;gen iɬ, pl abi, genpl abaɬ
sajʁat ǯē+?;sajʁat ǯē;дарить;V;;
салома;saloma;солома;N;;gen ɬ, pl bi, genpl baɬ
санхъис;sanqis;мера объемом десять литров;N;;gen uɬ, pl abi || ali, genpl abaɬ
саракъа;saraq’a;подаяние;N;;gen ɬ, pl bi, genpl baɬ
seba=w/j+?;seba=w/j;брат троюродный;N;;gen seba=w=šːu=b / seba=j=ɬiɬ, pl sebabdari, genpl sebabdaralu=b
себери;seberi;в позапрошлом году;Adv;;
секӀв;sek’ʷ;трут;N;;gen sek’uɬ, pl abi, genpl abaɬ
сер;ser;впереди;Adv;;
серах;seraχ;вперед;Adv;;
серо̄л;serōl;позавчера;Adv;;
серухъ;seruq;вокруг;Postp;;
сес;ses;передний;Adj;;
сесел;sesel;передний;Adj;;
сесер;seser;раньше;Adv;;
сесер;seser;давно;Adv;;
сесер;seser;назад;Adv;;
се̄;sē;вперед;Adv;;
се;se;вперед;Adv;;
сиб;sib;зима;N sg.t.;;
сибаракь;sibaraʟ’;пшеница яровая;N sg.t.;;
сибаре̄;sibarē;зимой;Adv;;
сикӀер;sik’er;пенис ребенка;N;;gen ɬ || uɬ, pl di || abi, genpl abaɬ
сим;sim;желчь;N sg.t.;;
сим;sim;тж. перен. гнев;N sg.t.;;
сим;sim;зернышко плода;N;;gen шɬ, pl ali, genpl alaɬ
sim b=aqiri+?;sim b=aqiri;сердиться;V;verbIV;
синду=б;sindu=b;темный;Adj;;
синду=б;sindu=b;тусклый;Adj;;
сину=б;sinu=b;лысый;Adj;;
согӀа=б;soʕa=b;здоровый;Adj;;
суни;suni;вчера;Adv;;
суни;suni;идти;V;verbIV;
сварди;sʷardi;кружиться;V;verbV;
сварди;sʷardi;поворачиваться;V;verbV;
сварди;sʷardi;прогуливаться;V;verbV;
свадди;sʷaddi;кружиться;V;verbV;
свадди;sʷaddi;поворачиваться;V;verbV;
свадди;sʷaddi;прогуливаться;V;verbV;
свари;sʷari;кружиться;V;verbV;
свари;sʷari;поворачиваться;V;verbV;
свари;sʷari;прогуливаться;V;verbV;
сваре̄;sʷarē;крутить;V;verbIII;
шагьар;šahar;город;N;;gen ɬ, pl abi, genpl abaɬ
шакири;šakiri;ревновать;V;verbIV;
шани;šani;махать;V;verbIV;
шакъ;šaq’;чернила;N sg.t.;;
шашани;šašani;махать;V;verbIV;
шашани;šašani;размахивать;V;verbIV;
шере̄;šerē;сыпать;V;verbIII;
шере̄;šerē;рассыпать;V;verbIII;
шере̄;šerē;высыпать;V;verbIII;
ше̄;šē;сыпаться;V;verbV;
ше̄;šē;рассыпаться;V;verbV;
ше̄;šē;высыпаться;V;verbV;
шинчӀил;šinč’il;анатом. связка;N;;gen iɬ || ɬiɬ, pl abi, genpl abaɬ
шири;širi;далеко;Adv;;
ширшири;širširi;шипеть;V;verbV;
шуршури;šuršuri;шипеть;V;verbV;
шиша;šiša;бутылка;N;;gen šišēɬ, pl šišebi, genpl šišebaɬ
шлагбаъум;šlagbaʔum;шлагбаум;N;;gen ɬ, pl dari, genpl daraɬ
шопир;šopir;шофер;N;;gen šːu=b, pl zabi, genpl zabalu=b
штрап;štrap;штра;N;;gen iɬ, pl abi, genpl abaɬ
шушкӀа;šušk’a;рыба;N;;gen ɬ, pl šušk’ibi || šušk’abi || šušk’a, genpl šušk’abaɬ || šušk’ibaɬ || šušk’ēɬ
шушухъе̄;šušuqē;шептать;V;verbIV;
шварде̄;šʷardē;протягивать;V;verbIII;
шварде̄;šʷardē;подавать;V;verbIII;
шварди;šʷardi;потянуться;V;;
швадди;šʷaddi;потянуться;V;;
шорди;šordi;потянуться;V;;
шодди;šoddi;потянуться;V;;
щӀану=б;š’anu=b;мелкий;Adj;;
щӀану=б;š’anu=b;маленький;Adj;;
щӀану=б;š’anu=b;неглубокий;Adj;;
щӀара;š’ara;слепень;N;;gen š’aruɬ, pl bi, genpl š’aribaɬ || š’arebaɬ || š’arēɬ
щӀагъа;š’aʁa;птица черная;N;;gen š’aʁuɬ, pl š’aʁibi || š’aʁa || š’aʁebi, genpl š’aʁēɬ
щӀеб;š’eb;доска;N;;gen iɬ, pl a, genpl ēɬ
щӀерелу=б;š’erelu=b;узкий;Adj;;
щӀибе̄;š’ibē;давить;V;verbIII;
щӀинщӀ;š’inš’;щепка;N;;gen uɬ, pl a, genpl ēɬ
щӀиргъан;š’irʁan;каток для крыши;N;;gen š’irʁanɬ, pl š’irʁandari, genpl š’irʁandaraɬ
ширгъам;širʁam;каток для крыши;N;;gen š’irʁanɬ, pl š’irʁandari, genpl š’irʁandaraɬ
щӀитӀух;š’it’uχ;в разные стороны;Adv;;
щӀурухван;š’uruχʷan;уздечка;N;;gen š’uruχʷanɬ, pl š’uruχʷandari, genpl š’uruχʷandaraɬ
щӀурухан;š’uruχan;уздечка;N;;gen š’uruχʷanɬ, pl š’uruχʷandari, genpl š’uruχʷandaraɬ
щӀва̄;š’ʷā;бежать;V;verbV;
щӀва̄;š’ʷā;убегать;V;verbV;
щӀва̄щӀвари;š’ʷāš’ʷari;разбежаться;V;verbIV;
щачиб;šːačib;птица;N;;gen šːačibuɬ, pl šːačibi, genpl šːačibĩɬ
щечиб;šːečib;птица;N;;gen šːačibuɬ, pl šːačibi, genpl šːačibĩɬ
щагӀаб;šːaʕab;слякоть;N sg.t.;;
щаᵸлла;šːãlla;плесень;N sg.t.;;
ща̄тӀан;šːāt’an;черт;N;;gen aɬ || iɬ, pl abi, genpl abaɬ
щечӀв;šːeč’ʷ;сухожилие;N;;gen šːeč’uɬ, pl šːeč’i, genpl šːeč’abaɬ
щер;šːer;помет животных;N sg.t.;;
щиб;šːib;роса;N;;gen aɬ, pl ali, genpl alaɬ
щинт;šːint;надгробье;N;;gen iɬ, pl abi, genpl abaɬ
щинх̄у=б;šːinχːu=b;молочный;Adj;;
щипер;šːiper;шифер;N;;gen ɬiɬ, pl abi, genpl abaɬ
щищу=б;šːišːu=b;красный;Adj;;
щищу=б;šːišːu=b;рыжий;Adj;;
щиᵸ;šːĩ;молоко;N sg.t.;;
щучӀа;šːuč’a;клин;N;;gen šːuč’iɬ, pl šːuč’ibi, genpl šːuč’ibaɬ
щвала;šːʷala;завтра;Adv;;
щола;šːola;завтра;Adv;;
щвани;šːʷani;свистеть;V;verbIV;
щващвани;šːʷašːʷani;свистеть;V;verbIV;
таба=б;taba=b;мягкий;Adj;;
tala ǯē+?;tala ǯē;грабить;V;;
талихӀ;taliʜ;счастье;N sg.t.;;
тамашайа=б;tamašaja=b;удивленный;Adj;;
тара=б;tara=b;кроме;Part;;
тара=б;tara=b;только;Part;;
тарих;tariχ;число;N;;gen iɬ, pl abi, genpl abaɬ
тарих;tariχ;история;N;;gen iɬ, pl abi, genpl abaɬ
таркъийа;tarq’ija;кепка;N;;gen ɬ, pl bi, genpl baɬ
тат;tat;грязь;N sg.t.;;
татих̄у=б;tatiχːu=b;перепачканный;Adj;;
татих̄у=б;tatiχːu=b;очень грязный;Adj;;
тавакала=б;tawakala=b;щедрый;Adj;;
та̄;tā;жеребенок;N;;gen ɬ, pl bi, genpl baɬ
температура;temperatura;температура;N sg.t.;;
тира;tira;гриб;N;;gen tiraɬ || tiriɬ, pl tiribi, genpl tiribaɬ
ток;tok;электричество;N sg.t.;;
ток;tok;ток;N sg.t.;;
торди;tordi;гнить;V;;
тодди;toddi;гнить;V;;
тукан;tukan;магазин;N;;gen ɬ, pl dari, genpl daraɬ
туп;tup;ружье;N;;gen iɬ, pl abi, genpl abaɬ
тукъа;tuq’a;земляника;N sg.t.;;
тури;turi;плевать;V;verbIV;
тушман;tušman;враг;N;;gen šːu=b, pl zabi, genpl zabalu=b
тутийа;tutija;алюминий;N sg.t.;;
тухтур;tuχtur;доктор;N;;gen šːu=b, pl ari, genpl aru=b
тухум;tuχum;тухум;N;;gen ɬiɬ, pl abi, genpl abaɬ
тӀагӀама=б;t’aʕama=b;вкусный;Adj;;
тӀана;t’ana;гнида;N;;gen t’anaɬ || t’anuɬ, pl t’anibi || t’anabi, genpl t’anēɬ
тӀанакъв;t’anaq’ʷ;гри;N;;gen t’anaq’uɬ, pl abi, genpl abaɬ
тӀани;t’ani;бросать;V;verbIV;
тӀани;t’ani;кидать;V;verbIV;
тӀани;t’ani;сеять;V;verbIV;
тӀанкӀ;t’ank’;пятно;N;;gen iɬ, pl ibi || aldari, genpl aldaraɬ
тӀаркӀури;t’ark’uri;вянуть;V;verbIV;
тӀа̄;t’ā;бежать;V;verbV;
тӀекваᵸ;t’ekʷã;прилипать;V;verbIIb;
тӀере̄;t’erē;втыкать;V;verbIII;
тӀертӀе̄;t’ert’ē;дрожать;V;verbIII;
тӀе̄;t’ē;втыкаться;V;verbV;
тӀибитӀире̄;t’ibit’irē;распространять;V;verbIII;
тӀибитӀире̄;t’ibit’irē;расстилать;V;verbIII;
тӀибитӀири;t’ibit’iri;распространяться;V;verbIV;
тӀибитӀири;t’ibit’iri;расстилаться;V;verbIV;
тӀини;t’ini;наливать;V;verbIV;
тӀобе̄ри;t’obēri;заканчиваться;V;verbIV;
тӀобе̄ри;t’obēri;истекать;V;verbIV;
тӀощ;t’ošː;свинец;N sg.t.;;
тӀунтӀ;t’unt’;муха;N;;gen uɬ, pl a, genpl ēɬ
тӀусӀ;t’us’;болото;N;;gen iɬ || aɬ || uɬ, pl abi || ibi || ubi, genpl abaɬ
тӀве̄;t’ʷē;капать;V;verbV;
у=б;u=b;тот;PronAdj;;
б=учаᵸ;b=učã;стирать;V;verbIIb;
учител;učitel;учитель;N;;gen šːu=b, pl zabi, genpl zabalu=b
учуз;učuz;дешево;Adv;;
учуза=б;učuza=b;дешевый;Adj;;
б=учӀаᵸ;b=uč’ã;отрываться;V;verbIIb;
б=учӀаᵸ;b=uč’ã;отламываться;V;verbIIb;
б=учӀеᵸ;b=uč’ẽ;отрывать;V;verbIb;
б=учӀеᵸ;b=uč’ẽ;отламывать;V;verbIb;
б=угьа;b=uha;исправлять;V;verbIIb;
б=угьа;b=uha;завоевывать;V;verbIIb;
угьаᵸ;uhã;мочь;V;verbIIb;
угьаᵸ;uhã;оказываться способным;V;verbIIb;
б=угьаᵸ;b=uhã;снимать штаны;V;verbIIb;
б=угьаᵸ;b=uhã;понимать;V;verbIIb;
б=угье̄;b=uhē;забирать;V;verbIII;
б=угьеᵸ;b=uhẽ;объяснять;V;verbIb;
угьи;uhi;там;PronAdv;;
угьи;uhi;туда;PronAdv;;
б=угьу;b=uhu;рисовать;V;verbIa;
угьу=б;uhu=b;тот;PronAdj;;
б=ухӀа;b=uʜa;проскальзывать;V;verbIIb;
б=ухӀа;b=uʜa;выскальзывать;V;verbIIb;
б=ухӀа;b=uʜa;ускользать;V;verbIIb;
уй;uj;там;PronAdv;;
уй;uj;туда;PronAdv;;
уйгьи;ujhi;там;PronAdv;;
уйхинди;ujχindi;туда;PronAdv;;
уйхинди;ujχindi;в ту сторону;PronAdv;;
ухинди;uχindi;туда;PronAdv;;
ухинди;uχindi;в ту сторону;PronAdv;;
б=укаᵸ;b=ukã;жечь;V;verbIIb;
б=укаᵸ;b=ukã;зажигать;V;verbIIb;
б=укеᵸ;b=ukẽ;жечь;V;verbIb;
б=укеᵸ;b=ukẽ;зажигать;V;verbIb;
б=уку;b=uku;попадать;V;verbIa;
б=уку;b=uku;оказываться;V;verbIa;
б=укӀа;b=uk’a;быть;V;verbIIb;
б=укӀа;b=uk’a;иметься;V;verbIIb;
б=укӀе̄;b=uk’ē;создавать;V;verbIII;
б=укӀуᵸ;b=uk’ũ;глотать;V;verbIb;
б=укье̄;b=uʟ’ē;топить;V;verbIII;
б=уллаᵸ;b=ullã;свежевать;V;verbIIb;
б=улъе̄;b=uɬē;кончать;V;verbIII;
б=улъу;b=uɬu;становиться;V;verbIa;
ун;un;голова;N;;gen aɬ, pl abi, genpl abaɬ
ун;un;сосок груди;N;;gen aɬ, pl abi, genpl abaɬ
уналъ;unaɬ;родственный;Adj;;
unaɬ hek’ʷa+?;unaɬ hek’ʷa;родственник;N;;
унги;ungi;там;PronAdv;;
унгири;ungiri;там;PronAdv;;
унса;unsa;солома;N sg.t.;;
унщ;unšː;почва;N sg.t.;;
унщ;unšː;земля;N sg.t.;;
б=укъу;b=uq’u;резать;V;verbIa;
б=укъу;b=uq’u;зарезать;V;verbIa;
б=укъукъу;b=uq’uq’u;крошить;V;verbIa;
б=укъукъу;b=uq’uq’u;резать на куски;V;verbIa;
урба;urba;урбеч;N sg.t.;;
ургъири;urʁiri;думать;V;verbIV;
б=угъе̄;b=uʁē;всовывать;V;verbIII;
б=угъе̄;b=uʁē;продевать;V;verbIII;
б=угъе̄;b=uʁē;посылать;V;verbIII;
б=угъу;b=uʁu;посылать;V;verbIV;
б=угъу;b=uʁu;отправлять;V;verbIV;
б=угъу;b=uʁu;загонять;V;verbIV;
б=усшу;b=usšu;снимать;V;verbIa;
б=усӀа=б;b=us’a=b;весь;Adj;;
б=усӀа=б;b=us’a=b;целый;Adj;;
б=усӀа=б;b=us’a=b;все;Adj;;
б=ушшу;b=uššu;вытаскивать;V;verbIa;
ушта;ušta;как;PronAdv;;
ушта;ušta;почему;PronAdv;;
б=ущаᵸ;b=ušːã;гаснуть;V;verbIIb;
б=ущаᵸ;b=ušːã;потухать;V;verbIIb;
б=ущеᵸ;b=ušːẽ;гасить;V;verbIb;
б=ущеᵸ;b=ušːẽ;тушить;V;verbIb;
б=ута;b=uta;отвязываться;V;verbIIb;
б=ута;b=uta;развязываться;V;verbIIb;
утагъ;utaʁ;сумка седельная или наплечная;N;;gen uɬ || iɬ, pl abi, genpl abaɬ
б=уте̄;b=utē;отвязывать;V;verbIII;
б=уте̄;b=utē;развязывать;V;verbIII;
б=уваᵸ;b=uwã;хватать;V;verbIIb;
б=уваᵸ;b=uwã;оказываться достаточным;V;verbIIb;
б=ухху;b=uχχu;снимать одежду;V;verbIa;
б=ухху;b=uχχu;оставаться;V;verbIa;
вабагӀ;wabaʕ;болезнь;N sg.t.;;
вабагӀ;wabaʕ;эпидемия;N sg.t.;;
вагьабийа=в;wahabija=w;вахаббит;N;;gen šːu=b, pl wahabijadi, genpl wahabijadiɬ
вакзал;wakzal;вокзал;N;;gen ɬiɬ, pl abi, genpl abaɬ
вани;wani;выть;V;verbIV;
вас;was;брат;N;;"gen u=b, pl ibadi, genpl ibadilu=b; Ш hinč’a=w was N брат старший; muk’u=w was N брат младший"
васаб;wasab;брат двоюродный;N;;gen šːu=b, pl dari, genpl daralu=b
ваша;waša;мальчик;N;;"gen šːu=b, pl bi, genpl balu=b || badilu=b || bĩlu=b; Ш wašašːu=w waša N внук; wašašːu=j jaš N внучка"
ваша;waša;юноша;N;;"gen šːu=b, pl bi, genpl balu=b || badilu=b || bĩlu=b; Ш wašašːu=w waša N внук; wašašːu=j jaš N внучка"
ваша;waša;сын;N;;"gen šːu=b, pl bi, genpl balu=b || badilu=b || bĩlu=b; Ш wašašːu=w waša N внук; wašašːu=j jaš N внучка"
wašašːu=j jaš+?;wašašːu=j jaš;внучка;N;;
wašašːu=w waša+?;wašašːu=w waša;внук;N;;
ватӀан;wat’an;родина;N sg.t.;;
встречний;wstrečnij;встречный;Adj;;
χaballa ek’ʷa+?;χaballa ek’ʷa;разговаривать;V;;
хабар;χabar;рассказ;N;;gen ɬiɬ || ɬ || iɬ, pl dari, genpl daraɬ
хабар;χabar;известие;N;;gen ɬiɬ || ɬ || iɬ, pl dari, genpl daraɬ
хабар;χabar;разговор;N;;gen ɬiɬ || ɬ || iɬ, pl dari, genpl daraɬ
хабе̄;χabē;отрывать;V;verbIII;
хабе̄;χabē;отламывать;V;verbIII;
хачун;χačun;скорлупа ореха;N sg.t.;;
хай;χaj;котел медный;N;;gen χāɬ, pl χābi || χajabi, genpl χābaɬ
халицер;χalicer;коса;N;;gen ɬ, pl dari, genpl daraɬ
халицер;χalicer;серп;N;;gen ɬ, pl dari, genpl daraɬ
халкъ;χalq’;собир. люди;N sg.t.;;
халкъ;χalq’;народ;N sg.t.;;
хамиту=б;χamitu=b;необщительный;Adj;;
хамиту=б;χamitu=b;неконтактный;Adj;;
хан;χan;хан;N;;gen šːu=b, pl zabi, genpl zabalu=b
хани;χani;косить;V;verbIV;
хани;χani;брить;V;verbIV;
хантӀар;χant’ar;козявка;N;;gen ɬ, pl abi, genpl abaɬ
харде̄;χardē;бормотать;V;verbIII;
харди;χardi;рваться;V;;
хабди;χabdi;рваться;V;;
хадди;χaddi;рваться;V;;
харо;χaro;грабли;N;;gen ɬ, pl bi, genpl baɬ
хазейства;χazejstwa;хозяйство;N;;gen ɬ, pl bi, genpl abaɬ
хере̄;χerē;сыпать;V;verbIII;
хере̄;χerē;лить;V;verbIII;
хинди;χindi;в направлении;Postp;;
хинди;χindi;в сторону;Postp;;
хиндих;χindiχ;вокруг;Adv;;
хинтӀв;χint’ʷ;сопля;N sg.t.;;
хира;χira;дорого;Adv;;
хирийа=б;χirija=b;дорогой;Adj;;
хисире̄;χisirē;менять;V;verbIII;
хихин;χiχin;мох;N sg.t.;;
хол;χol;толокно;N sg.t.;;
холу=б;χolu=b;серый;Adj;;
холу=б;χolu=b;бурый;Adj;;
холу=б;χolu=b;светло;Adj;;
христиъана=в;χristiʔana=w;христианин;N;;gen χristiʔanašːu=b, pl χristiʔanadi, genpl χristiʔanadilu=b
хунхал;χunχal;рот;N;;gen ɬ, pl dari, genpl dariɬ
хунхал;χunχal;лицо;N;;gen ɬ, pl dari, genpl dariɬ
хунхал;χunχal;клюв;N;;gen ɬ, pl dari, genpl dariɬ
хуᵸй;χũj;семя злака;N;;gen ɬ, pl bi, genpl baɬ
хвалчен;χʷalčen;сабля;N;;gen χʷalčenɬ || χʷalčanɬ, pl χʷalčandari || χʷalčendari, genpl χʷalčandaraɬ
хван;χʷan;лошадь;N;;gen iɬ, pl i, genpl ēɬ || шɬ
хвасарли;χʷasarli;спасаться;V;verbIb;
хва̄м;χʷām;жир;N sg.t.;;
хва̄м;χʷām;образующийся при варке мяса;N sg.t.;;
хва̄м;χʷām;навар;N sg.t.;;
ха̄м;χām;жир;N sg.t.;;
ха̄м;χām;образующийся при варке мяса;N sg.t.;;
ха̄м;χām;навар;N sg.t.;;
хве̄;χʷē;сыпаться;V;verbV;
хве̄;χʷē;литься;V;verbV;
х̄ех̄;χːeχː;быстро;Adv;;
х̄ех̄у=б;χːeχːu=b;быстрый;Adj;;
х̄ех̄а=б;χːeχːa=b;быстрый;Adj;;
х̄инчӀа;χːinč’a;хинкал;N;;gen ɬ, pl χːinč’ibi || χːinc’a, genpl χːinč’ēɬ
х̄инчӀах̄уб;χːinč’aχːub;шумовка;N;;"gen χːinč’aχːubɬiɬ || χːinč’aχːurɬ, pl χːinč’aχːubdari || χːinč’aχːurdari, genpl χːinč’aχːubdaraɬ || χːinč’aχːurdaraɬ; Ь ⊂ χːinč’a"
х̄инчӀах̄уб;χːinč’aχːub;ложка для хинкала;N;;"gen χːinč’aχːubɬiɬ || χːinč’aχːurɬ, pl χːinč’aχːubdari || χːinč’aχːurdari, genpl χːinč’aχːubdaraɬ || χːinč’aχːurdaraɬ; Ь ⊂ χːinč’a"
х̄инчӀахул;χːinč’aχul;шумовка;N;;"gen χːinč’aχːubɬiɬ || χːinč’aχːurɬ, pl χːinč’aχːubdari || χːinč’aχːurdari, genpl χːinč’aχːubdaraɬ || χːinč’aχːurdaraɬ; Ь ⊂ χːinč’a"
х̄инчӀахул;χːinč’aχul;ложка для хинкала;N;;"gen χːinč’aχːubɬiɬ || χːinč’aχːurɬ, pl χːinč’aχːubdari || χːinč’aχːurdari, genpl χːinč’aχːubdaraɬ || χːinč’aχːurdaraɬ; Ь ⊂ χːinč’a"
х̄инчӀахур;χːinč’aχur;шумовка;N;;"gen χːinč’aχːubɬiɬ || χːinč’aχːurɬ, pl χːinč’aχːubdari || χːinč’aχːurdari, genpl χːinč’aχːubdaraɬ || χːinč’aχːurdaraɬ; Ь ⊂ χːinč’a"
х̄инчӀахур;χːinč’aχur;ложка для хинкала;N;;"gen χːinč’aχːubɬiɬ || χːinč’aχːurɬ, pl χːinč’aχːubdari || χːinč’aχːurdari, genpl χːinč’aχːubdaraɬ || χːinč’aχːurdaraɬ; Ь ⊂ χːinč’a"
х̄иру=б;χːiru=b;темно;Adj;;
х̄учара;χːučara;почки сосновые молодые;N;;gen ɬ, pl χːučara, genpl χːučarēɬ
х̄ури;χːuri;прутья переплетенные;N;;gen χːurĩɬ, pl jabi, genpl baɬ
zagar ǯē+?;zagar ǯē;загорать;V;;
загьро;zahro;яд;N;;gen zahroɬ || zahruɬ, pl zahrobi || zahrubi, genpl zahrubaɬ
загьру;zahru;яд;N;;gen zahroɬ || zahruɬ, pl zahrobi || zahrubi, genpl zahrubaɬ
захӀмат;zaʜmat;труд;N;;gen zaʜmatɬiɬ, pl zaʜmatabi, genpl zaʜmatabaɬ
захӀамат;zaʜamat;труд;N;;gen zaʜmatɬiɬ, pl zaʜmatabi, genpl zaʜmatabaɬ
захӀматли;zaʜmatli;делать с трудом;V;verbIb;
захӀмата=б;zaʜmata=b;трудный;Adj;;
загӀиба=б;zaʕiba=b;хилый;Adj;;
загӀиба=б;zaʕiba=b;слабый;Adj;;
зале̄;zalē;студить;V;verbIII;
зали;zali;мерзнуть;V;verbIb;
зали;zali;остывать;V;verbIb;
замана;zamana;время;N sg.t.;;
зантӀура;zant’ura;цапля;N;;gen ɬ, pl bi, genpl baɬ
зар;zar;лед;N;;gen iɬ || aɬ, pl abi, genpl abaɬ
зар;zar;град;N;;gen iɬ || aɬ, pl abi, genpl abaɬ
зарал;zaral;вред;N;;gen ɬ, pl abi, genpl abaɬ
зарал;zaral;ущерб;N;;gen ɬ, pl abi, genpl abaɬ
заралийа=б;zaralija=b;вредный;Adj;;
зару=б;zaru=b;холодный;Adj;;
зеб;zeb;день;N;;gen uɬ, pl abi || dari, genpl abiɬ
зеббур;zebbur;целый день;Adv;;
зеббур;zebbur;в течение целого дня;Adv;;
зекьеракь;zeʟ’eraʟ’;потолок;N;;gen iɬ, pl abi, genpl abaɬ
зе̄;zē;стекло;N;;gen ɬ, pl bi, genpl baɬ
зигьон;zihon;усталость;N sg.t.;;
зигьваᵸ;zihʷã;уставать;V;verbIIb;
зин;zin;корова;N;;gen aɬ, pl a, genpl ēɬ
зӯнди;zūndi;жужжать;V;verbIV;
зӯнди;zūndi;звенеть;V;verbIV;
зулмийа=б;zulmija=b;насильственный;Adj;;
зве̄;zʷē;скользить;V;verbV;
зве̄;zʷē;кататься на коньках;V;verbV;
жару=б;žaru=b;желтый;Adj;;
жару=б;žaru=b;светло;Adj;;
жаваб;žawab;ответ;N;;gen iɬ, pl dari, genpl dariɬ
žawab iči+?;žawab iči;отвечать;V;;
жекъу;žeq’u;утомляться;V;verbIIb;
жекъу;žeq’u;уставать;V;verbIIb;
жукъу;žuq’u;утомляться;V;verbIIb;
жукъу;žuq’u;уставать;V;verbIIb;
жим;žim;яд;N sg.t.;;
жим;žim;порох;N sg.t.;;
жиммагӀачу=б;žimmaʕaču=b;травянисто;Adj;;
жӯнжв;žūnžʷ;муравей;N;;gen žūnžuɬ, pl žūnža, genpl žūnžēɬ
жӯнж;žūnž;муравей;N;;gen žūnžuɬ, pl žūnža, genpl žūnžēɬ
жума;žuma;подбородок;N;;gen žumiɬ || žumaɬ, plžumibi || žumabi, genpl žumibaɬ || žumēɬ
жужахӀ;žužaʜ;ад;N sg.t.;;
жвакьин;žʷaʟ’in;кнут;N;;gen žʷaʟ'anɬ, pl dari, genpl daraɬ
жвалача;žʷalača;червь;N;;gen žʷalačuɬ, pl bi, genpl žʷalačabaɬ || žʷalačēɬ
жварх;žʷarχ;грохот;N sg.t.;;
жварх̄аре̄;žʷarχːarē;звенеть;V;verbIII;
